Cab,Car,Anth,Cw,Cm,LAI,Cp,Cbc
28.648844,7.1980915,1.2381511,0.007859349,0.005722165,3.9283628,0.00060772896,0.0048519373
37.123543,6.4189205,0.9909259,0.02137971,0.021660566,4.638337,0.001201868,0.020025969
15.651653,3.3114524,0.8212023,0.013892531,0.0070154667,4.0325227,0.0004581213,0.0066441298
49.605946,9.024035,1.9181404,0.009970903,0.007979274,4.078169,0.00095427036,0.0069680214
29.113699,6.7173357,1.0366082,0.008306384,0.0051726103,1.9343178,0.00043964386,0.0050697327
47.621845,10.074497,0.92934597,0.02666545,0.022721052,0.75293326,0.0012905598,0.021603346
39.671844,8.39472,1.8984821,0.012820601,0.008342981,2.9993937,0.0009379387,0.0072978735
17.41033,5.4790096,1.4097936,0.010987282,0.009006381,2.127146,0.0005992651,0.008055925
28.26059,5.744914,1.5332432,0.014056802,0.0060679913,4.6252713,0.0005928278,0.0055140257
21.731098,5.091954,0.7737671,0.0073075294,0.004181266,1.6194677,0.00038444996,0.0037293434
28.556868,8.712778,1.2870903,0.013565779,0.002895236,0.950068,0.0004774332,0.0022788048
51.57665,11.065265,2.039282,0.012572885,0.004619479,3.125369,0.0004056692,0.004329562
33.235603,6.902772,1.4437032,0.014372587,0.006415844,4.2858477,0.0007003546,0.005990863
24.48223,4.402823,1.4961627,0.023385882,0.0044744015,5.2409773,0.00045478344,0.0038467646
39.420086,9.085629,1.295732,0.007307172,0.0025418997,1.6120708,0.00028014183,0.0022649765
39.123795,7.610242,1.717716,0.01286757,0.0090299845,3.4761868,0.00091040134,0.008066893
23.409575,6.3712387,1.5119996,0.01837647,0.0061261654,3.2503276,0.0005013943,0.005951166
29.058304,5.1239796,1.5341191,0.010463476,0.008153081,4.9076514,0.000797987,0.0074255466
32.678856,7.2654715,1.686811,0.012737751,0.010362744,2.6933067,0.0008958578,0.009364247
28.97425,5.53582,0.83359015,0.024974823,0.025700688,2.963154,0.0011876822,0.025103688
43.964386,7.952985,2.5916038,0.011650443,0.008895278,2.8100252,0.00094258785,0.008104324
35.990044,9.877037,1.0867815,0.031818986,0.026197433,-0.36301088,0.0012667179,0.02625215
57.99849,9.904133,2.505279,0.008389831,0.008455038,3.9210339,0.0010430813,0.0072654486
44.162766,10.995862,1.7018518,0.024395585,0.004981756,4.966103,0.00067567825,0.0042932034
45.91593,8.597853,1.5226336,0.009506106,0.00791657,3.9933887,0.0008735657,0.0069788694
31.420586,8.6118145,1.5080225,0.018923163,0.0077933073,3.8258243,0.00074338913,0.0076960325
37.39259,7.7547693,1.6450269,0.020932436,0.003976226,5.4068747,0.00066185,0.0036654472
42.16181,7.865534,2.7632384,0.014386058,0.00646317,3.8440948,0.00085544586,0.005482912
29.570503,7.2751474,1.786524,0.013892412,0.013478279,3.9377327,0.00081789494,0.012773395
23.684195,4.55427,1.5379107,0.01728034,0.007829905,4.74703,0.00064730644,0.007157922
30.08459,8.0774975,0.99524605,0.011860967,0.0040203333,3.3778415,0.00040495396,0.003955126
30.175896,8.054451,1.1562116,0.009051442,0.0042550564,7.066534,0.0003362894,0.0037881136
56.313255,10.620729,2.0915365,0.01410985,0.0070807934,4.6037083,0.00082087517,0.006139636
36.977997,7.6536083,1.4008996,0.014339328,0.0045799017,3.4309988,0.00067198277,0.0040766
35.175568,7.0338755,1.5047529,0.010120869,0.0080055,3.1671824,0.00068461895,0.0073754787
28.167719,6.5378876,1.4623985,0.010371447,0.0088813305,3.2675743,0.00071811676,0.008264303
52.19058,9.437061,1.8963614,0.009226203,0.009031415,3.3822021,0.0009857416,0.00812912
34.84529,7.398288,1.1631665,0.009339929,0.0075017214,3.690166,0.00070643425,0.006863475
29.890137,7.821598,1.4631279,0.010581613,0.005799055,4.3796573,0.00068485737,0.005003333
42.575634,7.9484663,2.0698392,0.0121308565,0.008153677,3.6379523,0.000944376,0.007352233
25.84724,7.970415,1.3828831,0.0124681,0.0043774843,4.0927935,0.00047290325,0.003932953
32.353203,7.661377,0.9792212,0.013189077,0.009253979,3.1395888,0.0007162094,0.008494496
25.137686,6.1725364,1.2624147,0.017320514,0.0037630796,4.0144463,0.0005161762,0.0033590794
24.814283,5.813302,1.5783172,0.010998368,0.0055401325,5.204088,0.0005106926,0.0049239397
32.35593,8.526928,1.2365823,0.026937246,0.0047591925,4.1025543,0.000567317,0.004600048
19.407936,3.6797538,1.4937832,0.009004831,0.007996321,4.7529035,0.0006673336,0.007093072
35.468243,7.787176,1.2591166,0.013536215,0.006160617,3.5642924,0.00058960915,0.00569582
25.216782,4.4792485,1.3708293,0.012027383,0.0110936165,4.6531873,0.00081276894,0.0101053715
47.419456,8.690599,1.6109686,0.009580374,0.0095431805,3.3170633,0.00094103813,0.0086990595
27.132929,5.183178,1.6710739,0.021023393,0.01629138,1.5707355,0.0013340712,0.014865041
28.313656,5.2238407,1.3147941,0.013331652,0.011497974,4.7467375,0.0009139776,0.010566473
43.794952,8.086463,1.9204102,0.011731029,0.009033442,3.468515,0.0009909868,0.008139372
26.703459,6.4510465,1.5136433,0.014090061,0.008462906,3.1843524,0.000818491,0.007686138
41.152927,7.8704576,1.6782515,0.01134932,0.00531137,4.3275576,0.0006496906,0.004639387
37.61018,7.6192026,2.1677122,0.011602879,0.008036613,2.2147152,0.00076305866,0.0076708794
29.994394,9.391897,1.1873512,0.011529803,0.0040882826,2.2134252,0.00043034554,0.0031154156
42.245037,8.004707,1.6934755,0.011553526,0.007694483,3.890574,0.00076282024,0.0067322254
20.770058,5.287875,1.5550954,0.010744214,0.0087662935,2.1801062,0.0007122755,0.008316159
43.480434,7.717181,2.0486832,0.011619687,0.006259203,4.496081,0.00076293945,0.005459428
41.781948,8.141455,1.8522358,0.01517725,0.008298278,3.991817,0.00077843666,0.007343769
35.98596,6.0747976,1.2361784,0.025661588,0.02422607,2.413108,0.001339078,0.02317679
28.497217,6.5388694,1.4942791,0.035516143,0.032998443,0.96194506,0.0013237,0.03107524
40.487305,8.493089,1.5415776,0.009239793,0.0076869726,4.0356607,0.00082564354,0.006750822
21.90801,4.6934457,1.3769107,0.016628265,0.007885814,4.4799104,0.00060653687,0.007087469
23.920982,5.7637467,1.0207729,0.011385202,0.0055663586,4.8702474,0.00065898895,0.005205393
31.313423,7.651964,1.0573983,0.031045794,0.0051494837,4.0859785,0.0004762411,0.0050536394
38.747555,10.250219,1.7616136,0.01605308,0.003361106,4.1545386,0.00062799454,0.003140211
43.30479,11.091947,2.1980255,0.0198524,0.01469028,3.210701,0.0012234449,0.01485157
24.550385,6.072049,0.97767127,0.013367295,0.0066156387,4.9638915,0.0006392002,0.0067095757
41.19359,8.219985,1.3823018,0.007848978,0.007454157,4.2181993,0.0007842779,0.0065135956
17.079735,3.1884274,1.4131491,0.007998109,0.0067698956,3.1707158,0.00073087215,0.0063625574
47.339733,8.981192,1.8819559,0.0152744055,0.0070416927,3.7733755,0.00070643425,0.0060435534
30.398846,7.003233,1.5529854,0.019305468,0.013206124,2.465127,0.00095546246,0.012135267
24.687754,5.357703,1.5901678,0.014794111,0.01237011,2.6167555,0.000954628,0.011700034
35.247036,7.627761,1.4443626,0.014704943,0.006291747,2.6126034,0.00080919266,0.005205512
42.996605,9.595625,1.6794558,0.015963912,0.008244991,3.7361345,0.00078213215,0.007471442
23.745533,6.8271966,1.57235,0.015442848,0.012003303,1.8961096,0.0011817217,0.011349201
30.8091,7.4578056,1.7244115,0.023414254,0.005203247,3.471272,0.00059461594,0.0049296618
28.559628,4.6572056,1.3983114,0.017329097,0.014885187,3.9854145,0.0011285543,0.013682365
37.50054,8.146422,1.6109786,0.017513514,0.0054314137,3.702889,0.00076425076,0.0052423477
34.35447,8.145459,1.0530837,0.0030527115,0.0002863407,0.73993766,6.592274e-05,0.00026142597
44.63263,10.407646,2.0901442,0.014969468,0.008934259,3.3659701,0.0010010004,0.008474708
25.80792,5.6698093,1.1348684,0.014180183,0.009471774,3.496078,0.00073850155,0.009278059
32.69526,6.2075624,2.9091194,0.012195349,0.008289695,3.261352,0.00094509125,0.0071702003
34.64358,6.4398413,1.6693189,0.007170558,0.007538438,3.5891304,0.00075149536,0.006662607
38.337975,8.418611,1.3024664,0.010697246,0.0061376095,3.5855765,0.00059711933,0.0054647923
24.856298,4.527109,1.4266243,0.009856224,0.00830996,5.082968,0.0007508993,0.007526636
56.36004,10.103752,1.9884815,0.010489464,0.008438587,3.5013967,0.001031518,0.007462859
33.216976,9.24741,1.2384601,0.015672445,0.005890608,2.561762,0.000526309,0.0060195923
28.121723,6.540471,1.2238619,0.012244463,0.0072642565,3.8242874,0.0006930828,0.007039547
51.605225,9.681429,1.8580256,0.010456085,0.009196401,3.4767423,0.001014471,0.008046389
47.079426,8.721587,1.8156455,0.011903048,0.0049488544,5.166883,0.0006277561,0.0042356253
38.82404,7.570155,1.6844516,0.012515664,0.009941936,3.2831159,0.00094521046,0.009117484
48.799774,9.560482,1.6114676,0.009097815,0.0076295137,3.5643153,0.0008442402,0.0066595078
50.892323,10.331937,1.6787808,0.011871576,0.0046765804,3.157311,0.0003504753,0.0045713186
47.05205,11.625556,1.6800954,0.0068911314,0.0023430586,1.7916508,0.00024580956,0.0021443367
47.783447,8.719955,2.0373447,0.012611151,0.006395936,4.4948654,0.0007674694,0.005515337
27.887362,4.5544643,1.4733093,0.016132116,0.011724114,2.5325034,0.0010668039,0.010606289
39.107838,8.092105,1.9179838,0.014220357,0.007463455,2.671556,0.0007380247,0.006550908
45.714294,8.385909,1.328341,0.027530909,0.007897973,3.220221,0.0007458925,0.0077558756
26.065767,5.1051507,1.3460357,0.011136651,0.0025488138,3.311801,0.00034594536,0.0019909143
58.26704,13.840712,2.6239505,0.018509865,0.009253383,4.252144,0.0010410547,0.008755803
23.716352,4.5223646,1.6999156,0.015955806,0.005338311,3.5402575,0.00052785873,0.004901886
42.34767,8.00716,1.6893606,0.011105061,0.006693363,4.4688973,0.00073421,0.0058915615
28.532059,6.18101,1.4098446,0.017373204,0.01267302,2.1854138,0.00084233284,0.011838675
52.447044,14.035965,3.433735,0.016469479,0.009420991,4.420782,0.0011484623,0.00869298
21.884884,4.700761,1.4835625,0.016576052,0.006523609,4.369267,0.000528574,0.0058892965
27.608265,9.941829,1.6442435,0.017825961,0.022548199,0.34914446,0.0016709566,0.021707058
27.750565,7.732357,1.524092,0.011260152,0.005508542,4.3082967,0.0005891323,0.005161166
40.161144,7.634406,1.8770349,0.013650417,0.009286642,3.8338637,0.0009909868,0.008043408
37.42286,7.9627714,1.4821372,0.010525107,0.0072511435,3.5254645,0.00066399574,0.006265402
39.28082,10.381855,1.5602372,0.017691255,0.0057576895,2.860555,0.0005376339,0.0062021017
47.170002,9.300294,1.8552904,0.014841914,0.0071548223,4.033546,0.00073993206,0.006258726
41.381523,7.499673,2.148613,0.011689186,0.008930087,3.3308,0.00094616413,0.008041978
47.869133,9.079852,2.1949582,0.013650894,0.009664416,3.8616009,0.0011073351,0.008332491
40.293243,8.429713,1.8941007,0.012151003,0.01004827,3.0358782,0.0008686781,0.009227395
42.062553,8.729499,1.6477194,0.015439153,0.005979657,3.460032,0.00082433224,0.0056316853
49.60918,10.72054,2.0436797,0.01770246,0.008175135,4.573288,0.00091302395,0.006841421
35.50205,7.0167065,1.7008691,0.011918545,0.009181142,3.1428986,0.00092089176,0.008201122
27.00512,6.1132183,1.3307555,0.012951732,0.010597467,2.5972137,0.0006867647,0.010099173
34.340225,7.2703485,1.1471138,0.011202574,0.0076100826,3.7884135,0.0005803108,0.0071060658
32.233192,5.65712,1.4541724,0.0139706135,0.012363076,3.0504556,0.0008226633,0.011408687
22.111088,4.6388283,1.6681547,0.016369224,0.007414341,4.325572,0.000628829,0.006768465
51.08709,10.91889,1.8284562,0.015627384,0.007174492,3.610517,0.00086236,0.006127
15.171946,3.0027308,1.2208302,0.009719372,0.00830996,5.309427,0.0006904602,0.007573247
34.876915,9.128756,1.458497,0.010931253,0.0044533014,4.10057,0.0005238056,0.004921913
27.164616,5.785098,1.6401842,0.013259172,0.0036193132,3.9631124,0.00051152706,0.0032676458
43.1799,7.6186714,1.8159175,0.0107752085,0.0071526766,3.5589433,0.0007930994,0.0061825514
25.478737,3.7993135,1.4965694,0.017029762,0.011130333,-0.026729703,0.0011012554,0.010107875
44.814907,8.251076,1.975451,0.011233449,0.007960796,3.8721476,0.00092482567,0.0070943832
26.923874,9.016492,0.6676792,0.0012311935,-4.887581e-05,0.4939655,6.484985e-05,-5.722046e-06
37.47326,6.6304197,1.8683128,0.012975812,0.008004785,4.132412,0.0008196831,0.007179022
28.997658,7.750906,1.5951269,0.017995834,0.017757297,2.4022365,0.0012784004,0.016537547
25.524078,7.326639,1.4135802,0.016059637,0.011857152,0.50538254,0.00080037117,0.011510372
37.481564,8.660618,1.3032358,0.02224791,0.017887712,1.7633805,0.0010861158,0.016645193
48.032738,9.495589,1.3033183,0.014102578,0.012210727,2.8735785,0.0010420084,0.011209369
59.471367,14.306279,2.7942789,0.018491507,0.005924821,4.4304147,0.00031375885,0.004754305
32.95728,8.211739,1.2177107,0.02110517,0.016712189,2.0387557,0.0010576248,0.015806437
28.05167,7.4796963,1.3615263,0.009400368,0.0044772625,5.1319876,0.000472188,0.003958583
34.627266,10.05091,0.77785075,0.00094127655,6.878376e-05,0.6453762,0.00010108948,-0.00017511845
28.696053,9.3086405,1.4695127,0.015352845,0.0028949976,0.8004135,0.00054478645,0.0024038553
20.954794,6.681448,1.2785554,0.01670146,0.0070267916,4.2038584,0.0005033016,0.0063049793
33.338264,7.3969994,1.3523958,0.012221098,0.0092920065,3.6119275,0.0007879734,0.008768082
36.808197,7.3349085,1.939295,0.015660167,0.0043622255,4.9498186,0.00063443184,0.0039405823
27.733894,4.9763136,1.4529374,0.010007501,0.008934379,5.0778074,0.0008085966,0.00804019
15.170603,4.3420167,1.2973833,0.014861107,0.004557252,1.8092606,0.00068330765,0.0039430857
43.891983,10.591391,1.1661849,0.028310418,0.012650013,3.8569036,0.0010662079,0.011132479
33.941875,7.7744827,1.1880486,0.021618009,0.00632143,4.9984584,0.00056779385,0.005913019
26.83079,6.2659807,1.4011056,0.013713121,0.0056233406,3.8877215,0.0005425215,0.005164504
40.775414,7.705757,1.6564596,0.011074185,0.00592494,4.1888194,0.0006774664,0.005185604
39.214394,7.5541716,1.3639605,0.010453701,0.010525703,3.2029524,0.0008735657,0.009661794
31.509995,5.361119,0.6850877,0.0049380064,0.0032836199,1.2839787,0.0005146265,0.0025964975
35.625378,7.7942934,1.1143072,0.007328391,0.0017231703,1.4303966,0.00023066998,0.0013952255
19.999506,5.1962104,0.7807883,0.0061722994,0.00500834,1.6751864,0.00036513805,0.004458308
31.070042,5.8639708,0.86865664,0.004565835,0.0014714003,1.6272094,0.00019264221,0.00097358227
37.186203,7.790268,1.111666,0.041647077,0.036406398,1.1788652,0.0015836954,0.03506887
36.342655,8.384604,1.1453485,0.015750289,0.0045256615,3.5660386,0.00041556358,0.003949642
24.709427,5.495501,1.1938596,0.013682723,0.0071856976,5.48775,0.00073468685,0.0074545145
41.8978,7.992852,1.6866496,0.01117003,0.0064593554,4.5789723,0.0007224083,0.0056877136
18.590055,4.3366275,1.4913723,0.01285851,0.004573703,4.3224306,0.0003966093,0.0041362047
31.438313,7.609207,1.0614622,0.014248729,0.006644845,5.3935385,0.0008186102,0.006190419
34.158897,8.278196,1.593508,0.009139419,0.004724622,4.931333,0.0005977154,0.0040302277
36.383335,6.8135815,2.0212555,0.0123717785,0.009758949,3.255,0.0008177757,0.008749485
37.86052,6.6271315,1.8670304,0.012892127,0.008289695,4.009855,0.0008280277,0.0074232817
51.208553,9.939372,1.6762187,0.01892662,0.0068930387,4.0358424,0.00057697296,0.006686926
45.6582,9.795341,1.5557511,0.013899922,0.008298397,3.6199036,0.000865221,0.0075383186
25.006075,5.9250965,1.1764724,0.012856364,0.007055402,6.313569,0.00072205067,0.007212281
42.86921,8.133742,2.0637326,0.011773229,0.008465409,3.7354445,0.00093221664,0.0075119734
25.207905,8.041294,1.6249695,0.012407899,0.0045655966,1.3355434,0.00053966045,0.0039772987
28.30129,5.0691214,1.190661,0.016448736,0.015850544,2.9265542,0.0009274483,0.015137672
30.317514,6.2804585,1.6308286,0.015602112,0.0060989857,5.1289024,0.0006093979,0.0056756735
26.381075,6.808876,1.366849,0.010125637,0.008226991,2.3728087,0.00054705143,0.008058429
47.933117,9.541525,1.9444659,0.014522672,0.0074710846,5.5963993,0.00084400177,0.0062533617
30.911375,6.5509686,1.3240893,0.008218527,0.00727427,4.359472,0.0006862879,0.0064669847
34.08367,5.347681,0.7814181,0.0075007677,0.005313754,1.572453,0.00069606304,0.00463748
42.980164,11.602058,1.6341541,0.02185607,0.003995061,4.4966645,0.0005309582,0.0033779144
49.172153,14.3846655,1.1536231,0.042699933,0.0074521303,5.4685955,0.00049853325,0.007071376
37.76107,8.389879,1.1634965,0.0054734945,0.001635313,1.195533,0.00022685528,0.0014113188
20.946821,5.824809,1.4718387,0.014494419,0.010337949,3.1025443,0.0007325411,0.009672284
46.653046,8.423054,1.6419058,0.007143855,0.007630706,4.1578207,0.00082826614,0.0065865517
31.232647,8.220316,1.3716362,0.011388898,0.0056027174,5.138629,0.0006904602,0.0047262907
38.255714,7.5995283,1.638686,0.013218403,0.0055550337,3.7500858,0.0006879568,0.0051784515
34.957703,7.4236765,1.3872037,0.01087296,0.00883472,2.2093902,0.000813365,0.008028507
36.267357,5.2054234,1.7864926,0.020699382,0.01439321,1.7754462,0.001303196,0.012790918
41.933815,8.983207,1.5716519,0.019095063,0.0043075085,3.8280435,0.00069248676,0.004229307
48.663353,8.136565,1.4722028,0.016881943,0.006358266,4.169346,0.00049734116,0.0057514906
17.787592,3.0048866,0.62288857,0.008523345,0.0046607256,2.8764231,0.000400424,0.0047484636
29.576092,7.8863525,1.4852927,0.011273265,0.00558722,4.5936275,0.00073099136,0.0047979355
39.702625,10.466726,1.4965227,0.01690495,0.005102396,2.877449,0.00048696995,0.005529046
39.40868,7.678046,1.4708207,0.010309339,0.010172367,3.3656702,0.00090932846,0.009333253
30.622797,9.022866,1.0656226,0.0076295137,0.0029860735,1.5568788,0.00036120415,0.0022331476
47.05374,8.869172,1.4684937,0.01745987,0.0065231323,4.323453,0.0005389452,0.0060950518
33.243748,4.2409997,1.4703202,0.024195075,0.017126083,-0.17862487,0.0010967255,0.015920043
20.21199,5.2192655,1.111711,0.007155299,0.0064371824,2.871728,0.00050640106,0.0057076216
20.403858,4.086886,1.464721,0.0147053,0.013333917,3.8308802,0.0009071827,0.012297273
30.031649,5.3545637,1.7735882,0.014333844,0.011470556,2.0814898,0.0010951757,0.010356188
16.726282,4.898564,1.0797307,0.0089918375,0.006868243,4.2144203,0.0004146099,0.006645918
46.296116,9.2002325,1.7526073,0.0129573345,0.007292986,4.085301,0.00082457066,0.0065159798
27.693495,5.201893,1.0570247,0.010922551,0.005951047,1.7481489,0.0005735159,0.0054317713
16.36647,5.3169947,1.0322189,0.015547395,0.004871726,3.8383055,0.00038421154,0.004670143
28.20713,7.267042,1.0170081,0.010906696,0.004459381,2.0269089,0.00043451786,0.004165292
36.49933,5.448619,1.5983272,0.013797879,0.006121397,4.369326,0.00084221363,0.0051858425
23.695747,5.6749005,1.0956202,0.012194514,0.0064582825,5.4168463,0.0006635189,0.006676078
37.76554,7.3344183,1.8427961,0.010966063,0.008769989,3.1842089,0.0009571314,0.007929087
52.475582,11.134657,2.1494052,0.017520428,0.008634806,4.9404416,0.0009857416,0.0071840286
14.643115,3.2767134,0.70640147,0.009825587,0.008063912,2.577367,0.00048065186,0.007609725
56.9332,10.702834,2.0713785,0.010725021,0.008808255,3.7333918,0.001013279,0.0075308084
45.334652,8.421439,1.9888337,0.012081027,0.008582115,3.987637,0.0010052919,0.0077492
46.58593,8.51361,1.6538596,0.0076987743,0.007596731,4.1594214,0.0008429289,0.0065740347
32.63455,7.0178204,1.5239506,0.010779738,0.008851528,3.6504416,0.0006916523,0.008112192
36.533264,8.102679,1.1873326,0.010977626,0.004280567,1.8406858,0.00048279762,0.0042942762
33.303406,9.24353,0.7389487,0.0013709068,0.0004144907,0.78388095,9.703636e-05,0.0003092289
20.6373,5.679533,1.3001153,0.0104881525,0.0055111647,4.9188404,0.00048577785,0.00500679
26.369915,6.5355287,1.0155282,0.01562798,0.010637522,4.4538937,0.000865221,0.01050508
33.769905,5.5866065,1.5365803,0.017701268,0.0034558773,3.5258837,0.0005373955,0.00312531
46.263947,8.719234,1.8503757,0.012351394,0.006385803,4.618589,0.00078332424,0.0055913925
25.927288,9.252054,1.5555475,0.015490651,0.0030429363,1.2738361,0.0004850626,0.0025193691
37.483604,8.419828,1.5298882,0.015141606,0.007940531,3.2493486,0.0007107258,0.0071429014
40.737167,7.592268,1.338496,0.0101236105,0.007578969,3.2796416,0.00060141087,0.007011652
34.104893,6.329028,0.86374414,0.00811255,0.0046647787,1.3975999,0.0006427765,0.0041195154
27.931814,7.7590923,1.4886744,0.011115193,0.0047279596,2.835584,0.000685215,0.003997922
31.364338,7.000595,1.0904508,0.009550095,0.0057412386,2.5158727,0.00038671494,0.00544405
18.443958,4.9308076,1.2291126,0.016397,0.0061614513,4.223924,0.00044429302,0.0056256056
39.984882,7.1509647,1.5434978,0.019675255,0.01780057,2.5766227,0.0011850595,0.016654849
38.67689,6.5631657,1.7815032,0.039252162,0.03763032,2.2650838,0.0017659664,0.035868645
40.57417,7.0174522,2.453381,0.011571884,0.0089713335,3.4259114,0.0008801222,0.008043289
48.01793,9.4983635,1.612551,0.017461777,0.006477952,3.8283682,0.00053191185,0.0061273575
33.133335,7.5616493,1.0308149,0.003401041,0.0013370514,1.1910443,0.00016212463,0.00093972683
44.13372,8.112432,1.6355646,0.014157057,0.0058056116,4.2999625,0.0008049011,0.005414605
38.429653,8.031466,1.2010422,0.011129856,0.009967923,2.515371,0.00085675716,0.009109139
66.57779,11.542643,2.6593962,0.010338426,0.008936405,3.4134011,0.001091361,0.0076960325
25.539145,5.5488725,1.4103389,0.014260173,0.013748407,1.562815,0.00064623356,0.013178587
39.93714,7.37222,1.5956185,0.012722492,0.009524107,3.4766326,0.0008444786,0.00851953
34.0369,6.0427547,1.5979156,0.012276411,0.004384041,2.6976051,0.00025975704,0.003951788
30.910723,6.953485,1.2001202,0.014715672,0.007609606,4.3059697,0.0007940531,0.0075354576
15.476728,4.595145,1.1139162,0.010727882,0.009139776,2.5852604,0.00046408176,0.009094
12.684162,2.8722908,0.61943114,0.016314387,0.005768895,3.975644,0.00029289722,0.005262494
22.097483,4.989427,1.6421547,0.016281247,0.0072767735,4.657587,0.0005915165,0.0065301657
46.36124,11.789151,1.0231564,0.022588968,0.0071446896,3.067916,0.0006314516,0.0063209534
28.335447,7.1222477,1.2815058,0.008164048,0.0043007135,2.1585968,0.00050258636,0.0037591457
53.23021,9.303057,1.514009,0.023097515,0.007626295,4.517316,0.0005389452,0.006829262
34.959236,7.080368,1.7611463,0.015919566,0.009459138,4.2514834,0.00086534023,0.008567452
43.317436,8.753506,1.7499287,0.017359853,0.011207461,3.439917,0.00092339516,0.00999856
44.985336,9.264118,2.8082106,0.013333678,0.009255052,2.6482563,0.000900507,0.008186221
39.305904,8.383667,2.4635084,0.014593124,0.009108543,3.0139399,0.0008174181,0.008096933
33.280045,9.284169,1.368532,0.015534043,0.006014228,3.7070913,0.00052809715,0.005360484
31.94551,7.308322,1.5325851,0.010628343,0.0064252615,3.1390295,0.0005450249,0.0059250593
30.385048,7.481185,1.4095991,0.009698391,0.004708767,2.618433,0.0005428791,0.004052639
35.080498,9.4330225,1.1267252,0.013349056,0.0031512976,2.361189,0.00035107136,0.0028717518
31.68571,5.4513154,0.72339046,0.0052052736,0.0032895803,1.3242567,0.00051641464,0.002617836
25.614773,8.094573,1.3861401,0.010655403,0.0034139156,4.153907,0.0004415512,0.0031203032
50.842876,10.149141,2.039437,0.01627016,0.009126306,4.8755937,0.0009276867,0.0076556206
24.12785,4.5608788,1.5239465,0.015834212,0.005771637,3.674615,0.0004914999,0.005298257
28.780558,6.4204893,1.6606674,0.012801886,0.010848284,2.4632254,0.00075769424,0.009957671
35.976852,7.705555,1.1547434,0.012272835,0.007278323,2.2536333,0.0007413626,0.007455349
35.37007,5.6505966,1.678323,0.018253803,0.015489459,3.0561152,0.0012974739,0.014145255
35.751213,6.269993,1.4628093,0.017971635,0.0183748,1.9205997,0.0011258125,0.016993284
56.161266,12.354216,2.1904986,0.01780653,0.006595969,5.475438,0.0008558035,0.0053584576
50.560177,9.497015,1.9637141,0.012643456,0.00941813,3.8122945,0.0010614395,0.00844872
40.532978,7.7486115,1.761354,0.016224861,0.0120613575,3.6374083,0.0010309219,0.010840416
28.42969,5.2316737,1.0106156,0.01130259,0.0021589994,0.71033645,0.00024986267,0.002611637
41.52002,8.917637,1.027992,0.024814129,0.02178371,0.9775531,0.0011702776,0.020583272
26.950436,5.480897,1.3979313,0.015164375,0.006255865,4.4886556,0.0005916357,0.0057246685
24.937418,5.8304305,1.0804863,0.012306094,0.0070718527,5.2844996,0.00064480305,0.007302642
46.158497,9.0325575,1.9493344,0.016873598,0.008256316,4.4819036,0.00080919266,0.007317543
37.74926,7.6346893,1.2652912,0.009962797,0.0061067343,3.9051986,0.0004889965,0.0061341524
27.014318,6.2111444,1.028841,0.013320565,0.0067509413,2.1532426,0.0004711151,0.0066524744
30.559673,6.9811454,1.1292453,0.012390256,0.0074021816,3.2134776,0.00055515766,0.0072597265
48.907764,9.372277,2.8156412,0.011683941,0.008348107,2.7123637,0.00095665455,0.0078520775
13.056968,5.021722,1.5047119,0.010700107,0.010937214,1.6057544,0.0008889437,0.010334611
41.57252,6.943413,1.1458063,0.025678992,0.026811004,5.183591,0.001363039,0.02476716
34.82922,12.762908,3.075574,0.015684009,0.02460742,1.1657913,0.0020215511,0.02247858
42.115604,8.433402,2.1369896,0.015022516,0.009064555,3.6345248,0.00086414814,0.008095384
24.840736,4.6319733,1.1909778,0.015520215,0.014557242,2.785363,0.0008147955,0.01416719
33.43721,7.206665,1.1604781,0.013281941,0.007782936,3.383174,0.0006480217,0.007217288
18.778383,4.267304,1.4227328,0.0063490868,0.008062005,1.1822867,0.00054717064,0.0087406635
27.130974,7.524147,1.3295071,0.017423034,0.012976766,0.16750956,0.0008275509,0.012472153
31.88871,8.066268,1.476064,0.010611892,0.005805373,3.996726,0.0007843971,0.0050473213
17.720633,3.4713202,1.4329586,0.007943988,0.0068905354,4.669349,0.000631094,0.006118536
31.81961,8.588786,1.4655323,0.012364268,0.0030112267,4.2305713,0.0004975796,0.0027120113
41.65997,8.107726,1.7189112,0.008830786,0.008743644,3.7014794,0.00087332726,0.00767529
30.740133,9.291873,0.6999836,0.00034844875,0.00020551682,0.7404617,4.4226646e-05,7.534027e-05
31.269627,7.7668905,1.1813188,0.009762883,0.0041017532,4.5078883,0.00034451485,0.0039645433
30.065706,6.141926,1.3223755,0.006624222,0.0076390505,4.1259694,0.0006580353,0.006707549
21.915686,6.8331733,0.9121916,0.007876277,0.003387928,7.358659,0.00021064281,0.0033004284
14.710229,2.7978363,1.1076136,0.009672403,0.008668065,7.0197954,0.0005823374,0.0080913305
32.23095,5.7703905,1.0475357,0.028212309,0.0322268,3.2076392,0.0013753176,0.03106749
36.302544,7.675124,1.7481985,0.012661457,0.011813879,2.8311582,0.0008819103,0.010578036
34.82751,6.023508,1.2569008,0.02266562,0.021906257,3.4544358,0.0012600422,0.020635962
31.77988,7.4738283,1.1318307,0.008388162,0.003670454,5.2222757,0.00029611588,0.0035043955
44.914463,9.61386,1.5759704,0.018525481,0.015173197,2.6188624,0.001229167,0.014000297
46.3205,9.011013,2.03228,0.013251305,0.00822854,3.5525298,0.0009769201,0.007250786
27.867922,6.1753335,1.8834939,0.016510248,0.0049544573,5.2009463,0.0005507469,0.0044448376
42.261715,11.021871,1.4942305,0.004900813,0.0015919209,1.3387821,0.00021076202,0.0013608932
46.602303,10.21658,1.8773589,0.015043378,0.0066274405,5.058856,0.0007636547,0.005608201
40.27817,5.9437985,1.7193663,0.01925826,0.024995208,2.3959844,0.0013184547,0.02230227
28.67478,5.986366,0.8749454,0.017220736,0.009837747,3.241558,0.0007007122,0.009448409
32.615627,5.4663496,1.3753157,0.014264584,0.004451394,3.4535618,0.000536561,0.0040251017
46.776234,8.110811,1.7929721,0.008489966,0.005288005,4.5722795,0.0006047487,0.004470587
42.24146,7.480549,2.213263,0.012333512,0.0092430115,3.7514095,0.0009870529,0.008075833
34.736904,9.398921,1.4665539,0.016948342,0.005628228,4.350979,0.00067293644,0.0052657127
29.02192,6.1785064,1.4123092,0.008333683,0.008825302,3.7841382,0.0007213354,0.007954121
34.047462,9.030366,1.554986,0.012780786,0.004689932,3.0380297,0.00055110455,0.004235387
32.523396,7.385253,1.1471434,0.009949088,0.00840807,2.6520386,0.0006810427,0.007677555
20.775034,4.354831,1.5793355,0.012453318,0.008793354,1.7148764,0.0008672476,0.0079340935
28.796171,5.9168854,1.3250182,0.014516592,0.0061153173,4.5837064,0.00056791306,0.0053224564
36.029076,7.3599453,1.460319,0.01890409,0.014531732,1.7475488,0.0009698868,0.01335299
40.245907,7.649481,1.7206717,0.014823675,0.012949824,2.5735004,0.0008620024,0.0120027065
30.218296,6.9059086,1.217221,0.011710882,0.0080218315,3.7257795,0.00068593025,0.0072506666
23.888193,5.7612185,1.9863684,0.015619874,0.0046852827,3.5687609,0.000587821,0.0042847395
25.304766,5.5801783,1.1098652,0.012295842,0.00966084,0.75975025,0.0005376339,0.008993864
36.06568,6.634479,1.1542068,0.012715697,0.0044459105,2.8597174,0.00058710575,0.0041234493
52.588837,10.03041,2.173238,0.010388255,0.006421566,4.1870356,0.00082814693,0.005637169
32.375732,9.180604,1.3123169,0.01672721,0.0075422525,2.3692405,0.0006414652,0.0074156523
48.94819,8.848229,1.8136699,0.009691358,0.009887099,3.0466676,0.0009845495,0.008987069
39.439335,8.25469,1.6683626,0.010539174,0.007995129,4.096421,0.00080788136,0.007300496
27.64711,9.375462,1.4257255,0.017367959,0.0041925907,0.73357856,0.00066518784,0.0036246777
29.853704,6.0298686,1.5327704,0.014442444,0.009473324,2.3311,0.0005759001,0.009444594
22.51338,7.2606544,1.6144059,0.013480663,0.006560445,3.3581905,0.00053822994,0.0061261654
11.635849,3.445755,1.1759968,0.0149194,0.00848043,3.403963,0.0005608797,0.008235931
54.881115,10.422366,2.357895,0.016407132,0.007790208,4.745873,0.00081443787,0.006693244
25.189339,2.1879692,0.4094057,0.009855866,0.0018728971,0.94566274,0.00023579597,0.0019843578
33.36957,6.6009245,1.0414085,0.017533064,0.006582141,3.271749,0.0006887913,0.006632924
23.49509,4.491886,1.5414419,0.01728201,0.007812977,4.7451353,0.00064218044,0.007134676
26.236576,8.409632,1.4836326,0.012937784,0.0036416054,0.9223864,0.00050735474,0.0031735897
16.065136,2.6315126,0.53531253,0.009150028,0.0049335957,3.8859382,0.00045835972,0.005359769
37.526382,7.692335,0.9067118,0.017221928,0.014418721,1.9502621,0.0009738207,0.013642788
20.312223,4.6651244,1.0363083,0.013278246,0.008179307,0.86600506,0.00045776367,0.00764966
39.45994,7.597089,1.8080299,0.010730147,0.008859038,3.254613,0.0009815693,0.007950187
42.185238,8.433819,1.7274828,0.012910247,0.009271026,3.4637804,0.0009822845,0.008302093
48.764717,10.377305,1.6550426,0.021065712,0.00737381,4.633141,0.0007095337,0.006786108
43.812565,7.9087334,1.874054,0.013260484,0.011152506,3.1163673,0.0008573532,0.010088563
29.556795,5.1257477,1.515909,0.017728448,0.016216516,2.846099,0.00084626675,0.015372872
58.070507,11.151151,2.1954076,0.01094985,0.008877158,3.3842583,0.0010428429,0.00776577
37.263294,8.257173,1.7954252,0.013782382,0.008323431,4.1893816,0.0008125305,0.0075998306
41.09526,10.702873,1.533994,0.013202071,0.0037199259,0.5392053,0.0005645752,0.0035756826
17.752483,3.9845562,1.2169495,0.010030508,0.0028198957,4.303818,0.00032675266,0.0024243593
50.217896,8.772511,1.590841,0.010653257,0.0061906576,2.9050252,0.0005848408,0.0062457323
37.736332,5.5781875,1.7353668,0.028308272,0.019785166,1.4201496,0.0015054941,0.017331243
17.530945,5.1640997,1.0271418,0.014940977,0.0067988634,3.8239765,0.00075769424,0.0072112083
43.188717,6.825689,1.302021,0.018202424,0.0067528486,3.9003916,0.0004326105,0.006133318
22.267193,5.605666,1.286217,0.012477636,0.01086688,1.9933228,0.00086283684,0.009953022
36.72026,8.404566,2.276685,0.011000395,0.0073735714,2.7273364,0.0009672642,0.0064464808
23.308973,6.1574697,1.2075701,0.0095402,0.007063389,4.011504,0.00049233437,0.0066541433
27.667473,4.542935,2.1885726,0.028174639,0.031352162,3.7682476,0.0014246702,0.030842781
19.314919,4.746031,1.2487967,0.008827567,0.0016781092,3.1934214,0.00030994415,0.00152421
35.22657,8.885011,1.5004323,0.016082287,0.005477786,4.8358607,0.0006451607,0.005203128
40.570984,7.7680435,2.1627986,0.013725877,0.009267926,3.6626453,0.0009659529,0.008012176
23.286215,6.018016,1.2145374,0.010520101,0.0064331293,3.4480562,0.00060141087,0.0060276985
31.351711,7.5466833,1.2378709,0.023426056,0.005727291,3.6634164,0.0005954504,0.0054198503
23.706522,7.3059244,0.90043104,0.009631038,0.005010128,5.39988,0.00032186508,0.0044528246
25.175116,6.199293,1.3779752,0.016185522,0.005606532,4.760523,0.0005991459,0.005268812
21.796293,4.5666766,1.2541025,0.012524605,0.0040438175,2.031756,0.0004376173,0.0036139488
39.772743,11.341158,1.4393787,0.0057116747,0.0014077425,1.5399907,0.00021803379,0.0012843609
36.97331,7.120717,1.5255713,0.007711768,0.008592367,3.3035188,0.00076436996,0.0078006983
33.632843,9.188327,1.3589194,0.012117505,0.0046082735,3.7454758,0.00045788288,0.0038540363
24.54007,4.0436335,1.6601601,0.016207218,0.011936545,1.7338662,0.0010710955,0.010741949
65.16317,16.81394,3.0633407,0.018860579,0.005542159,4.7755795,0.00021600723,0.0044620037
25.19833,8.670341,0.7423073,0.004718542,0.0029278994,2.0734248,0.00023627281,0.0030121803
51.01071,10.63727,1.9302082,0.0074145794,0.0027731657,3.567059,0.00034284592,0.0031257868
44.795906,7.892871,2.4211252,0.01234591,0.008827448,3.6236553,0.0009973049,0.007830024
26.379852,8.153758,1.3888342,0.019609094,0.004509926,4.399114,0.0002580881,0.0037368536
47.53533,8.322722,2.1965148,0.011896491,0.008592129,3.9064322,0.0009801388,0.007650733
43.14657,9.913235,1.765281,0.017132044,0.0065590143,4.170114,0.0007081032,0.005846262
4.307107,1.2539496,0.599244,0.0071060658,0.010397434,3.4286513,0.00045013428,0.011152029
26.538609,4.418157,1.6984525,0.021482944,0.016029835,0.09673715,0.0012425184,0.01453197
52.56946,9.935779,2.0178363,0.013347745,0.0056010485,5.341714,0.0007042885,0.004826069
43.08597,8.360233,1.7999809,0.015614152,0.009416819,3.3819351,0.00081431866,0.008229494
34.88885,8.07236,1.1198585,0.0045571327,0.0012152195,1.3514459,0.00016665459,0.0007817745
26.50243,7.351469,1.3806639,0.012104511,0.005666375,4.2792325,0.0006790161,0.004738927
43.2167,8.545044,1.804627,0.011749864,0.008871555,3.8047533,0.00086402893,0.008038878
49.828754,9.049407,1.8190644,0.008414626,0.007478714,4.564645,0.0009012222,0.0063043833
37.53674,8.1071825,1.7504387,0.012339115,0.011515379,2.7132826,0.0009100437,0.010317922
23.04582,5.142854,0.9524592,0.011000395,0.0061513186,1.395369,0.0005053282,0.0053673983
26.546837,8.097163,1.7578919,0.015942574,0.009517431,1.5950167,0.0006568432,0.009152293
23.124992,5.6568527,1.4841928,0.014757633,0.011932969,2.5912127,0.0007394552,0.010835886
31.792084,7.8614464,1.1959605,0.027966857,0.0056933165,3.8368182,0.0005558729,0.0054861307
37.401604,9.037231,1.2649941,0.0060842037,0.0019687414,1.4287567,0.00021767616,0.0016571283
39.919327,6.852778,2.4583836,0.020083547,0.0061326027,4.339682,0.0008289814,0.0054757595
34.946293,8.246963,1.3821015,0.013421774,0.010605574,3.4730597,0.00091552734,0.009529233
30.234266,8.20922,0.8065692,0.0017058849,5.4121017e-05,0.27044404,6.771088e-05,7.1525574e-05
31.073112,8.6158495,1.1092217,0.022975445,0.009853601,2.4318302,0.00072050095,0.009327054
54.540157,13.519563,1.9609702,0.016842365,0.005982995,3.4982457,0.00047373772,0.0056755543
28.079845,6.094737,1.400568,0.014295459,0.007181406,4.7677393,0.00064349174,0.0064126253
48.30864,12.361379,1.7691133,0.008206129,0.0018088818,1.9557736,0.00024580956,0.0013483763
48.09435,12.056492,1.518054,0.037300467,0.030063033,-0.58146226,0.0018721819,0.029398322
48.619114,8.759299,0.8779831,0.04332316,0.031924844,3.0675793,0.0017499924,0.03113997
39.01623,9.780171,1.3013911,0.0054830313,0.0016297102,1.3301668,0.00018823147,0.0013982058
29.339159,8.384539,1.4711659,0.011105061,0.0040123463,4.468123,0.00046646595,0.0036604404
53.56051,13.55884,1.1882167,0.034451604,0.025856137,0.2169503,0.0014835596,0.024198413
24.894814,8.422703,0.99502873,0.011276245,0.0027229786,5.803613,0.00011944771,0.0029281378
34.73308,9.947851,1.1199732,0.017406344,0.0027250051,3.340321,0.00022482872,0.002355814
31.040428,7.723748,1.0559759,0.02151084,0.008504033,4.4637866,0.00063836575,0.008555055
49.696445,9.14825,1.9050105,0.010079503,0.008758903,2.2793899,0.0009061098,0.007994175
29.49052,6.1962094,1.549407,0.01816523,0.00731802,4.622739,0.00065004826,0.0065493584
34.281185,6.37762,1.5986328,0.015527725,0.004755616,4.2018137,0.0006096363,0.0045102835
56.094967,11.26615,2.3748307,0.017650366,0.0072170496,5.0019064,0.0007646084,0.0062338114
33.01656,7.7395487,1.6864514,0.015678644,0.016493797,2.347388,0.0011184216,0.014985204
30.434515,6.6921997,1.5580895,0.013486862,0.008393884,2.567226,0.00072717667,0.0076720715
32.831196,13.35628,1.4289801,0.029230952,0.025414467,1.0985637,0.0018140078,0.023088694
35.39568,6.608658,1.518091,0.034174204,0.026303649,1.7746844,0.001344204,0.024729729
35.463284,7.0896187,1.6675887,0.019116879,0.006112218,3.8783412,0.00075387955,0.005151272
38.14615,6.574747,1.8360968,0.017478824,0.01658094,3.2301464,0.0010619164,0.014820814
44.53604,10.975916,1.6889029,0.01145637,0.0034400225,2.98436,0.00048077106,0.0028294325
30.004248,8.179562,1.4860971,0.013105392,0.0050776005,3.9679341,0.0005722046,0.004595399
30.117975,6.9477353,1.3151226,0.010781884,0.008310318,2.9268665,0.00063860416,0.0076977015
39.456524,7.911354,1.7702036,0.011713386,0.009162545,3.0095448,0.0009739399,0.008265376
13.568035,4.61682,0.5353111,0.012438774,0.0040231943,4.548714,0.0001693964,0.0037032366
27.195587,5.1421742,1.6522856,0.016442537,0.0077843666,4.3444495,0.0007106066,0.007103443
39.614445,8.897984,1.3509808,0.018967628,0.01435411,2.7549536,0.0011328459,0.013468385
24.96237,4.5132146,1.6863708,0.010605454,0.009448767,3.2713714,0.0007468462,0.0084917545
35.288914,7.8087425,1.4948981,0.0155364275,0.0062292814,3.4715805,0.0007748604,0.0059634447
65.16317,16.81394,3.0633407,0.018860579,0.005542159,4.7755795,0.00021600723,0.0044620037
36.632534,7.1879168,3.3908591,0.010894418,0.009814978,1.4629896,0.0009467602,0.008664012
16.198774,3.3421435,0.7083547,0.009462357,0.0065897703,2.406746,0.0004440546,0.0061382055
56.206966,10.558668,2.1359653,0.014241338,0.00621593,5.2502494,0.0007443428,0.005358577
43.18639,11.12926,1.0098629,0.021815658,0.0064293146,3.3303223,0.00054073334,0.005637169
23.8782,5.0466766,1.0912478,0.012018442,0.009607792,0.87422144,0.00050127506,0.009053469
29.35719,4.308946,0.640102,0.0049453974,0.0033593178,0.9809923,0.00046038628,0.002418518
23.65239,6.4987574,0.8580406,0.008620739,0.003682971,0.899825,0.00042533875,0.0032176971
32.04232,4.991566,1.2915678,0.023660064,0.0057809353,3.3015108,0.00047171116,0.005288005
47.994656,9.221393,2.0497441,0.015353441,0.0078088045,4.2354274,0.0007815361,0.0066691637
52.50023,9.995324,2.107114,0.0155928135,0.0076630116,4.493671,0.0007827282,0.0066411495
47.537727,8.931126,1.9312186,0.017830968,0.0093717575,3.514893,0.0007969141,0.008116603
33.146637,7.6776104,1.665235,0.011375189,0.009253144,2.008539,0.00084638596,0.008575082
21.930983,5.1929936,1.3846796,0.013319492,0.00481236,4.8484797,0.0004733801,0.004314065
23.632923,5.7167034,1.3494017,0.012252927,0.009615183,2.5456972,0.0006477833,0.008984923
56.86302,12.510175,2.5466492,0.017603278,0.008367419,4.252196,0.0008789301,0.008278489
33.854027,6.711894,1.8742106,0.019136071,0.004755974,5.4962034,0.0006572008,0.0041331053
18.91282,3.5389695,1.6072614,0.010188818,0.009606123,3.8671198,0.0008265972,0.008691072
15.078577,3.5073705,0.76247513,0.009280443,0.007237911,2.6073244,0.0004107952,0.0069212914
24.300396,6.8837585,0.90526783,0.009969473,0.00344944,2.4483113,0.00033545494,0.003021717
35.19495,6.7371707,1.4746428,0.00769794,0.007991433,3.3172812,0.00076162815,0.007154107
23.494177,5.231045,0.610319,0.01648426,0.0064457655,4.3346148,0.000510931,0.006543994
27.85338,4.8626285,1.5216479,0.019836545,0.02444911,1.1971123,0.0010945797,0.022285819
31.570797,7.483512,1.7029574,0.015175104,0.011697054,1.732713,0.00080895424,0.010990262
44.63582,9.926849,1.2242806,0.024268985,0.019874811,1.1128879,0.0012757778,0.018598199
25.319548,5.8947864,1.0499945,0.014701128,0.006411791,5.4035583,0.00068831444,0.006645918
47.293728,11.98711,1.8001914,0.021991968,0.0042430162,4.414081,0.00061285496,0.0034023523
30.759237,7.0148745,0.9505491,0.029441237,0.006674528,4.1101165,0.00056552887,0.0063728094
48.82633,10.770861,1.2906966,0.044814825,0.025070548,2.558986,0.001430273,0.023802996
31.122887,7.684455,1.0651944,0.02606368,0.0066769123,3.8363385,0.00059628487,0.006340146
29.615507,5.2670503,1.4411273,0.011160135,0.0096235275,4.6625295,0.0008883476,0.008803487
29.182232,3.5689845,1.5583498,0.02632153,0.01767075,1.6821222,0.0012587309,0.014385104
38.573547,7.591467,1.7401447,0.012641907,0.009753346,3.560247,0.00091683865,0.008856654
27.34119,8.248414,1.3131561,0.008842111,0.0040858984,5.5068107,0.00044381618,0.00356853
29.385378,5.139934,1.3051958,0.01995945,0.0067819357,3.4469414,0.0005675554,0.006193042
23.835533,5.130315,1.4989953,0.015671134,0.003903389,3.0162911,0.0004184246,0.0034850836
23.669773,4.9000545,1.2438049,0.01262331,0.008411646,1.8721166,0.0007174015,0.007997155
29.309824,6.5722737,1.2263412,0.010652423,0.01132834,2.854994,0.0008068085,0.01058054
44.79447,8.775518,1.8334374,0.014106035,0.0077494383,5.6208935,0.00083482265,0.0065391064
30.306015,7.754656,1.7858276,0.016652226,0.0066655874,2.7343419,0.0005207062,0.006063342
26.982344,7.128433,1.0333259,0.012180686,0.003543377,2.531423,0.00040626526,0.0031408072
39.933224,7.8489437,1.2846808,0.0104055405,0.009136796,3.2573276,0.0008394718,0.008410692
52.047863,9.325142,2.3799133,0.010787249,0.009251118,3.8277135,0.0010988712,0.008064628
16.699207,4.385382,1.4131155,0.015861392,0.005636573,2.1221843,0.00073611736,0.004979849
18.633278,3.6287737,1.5241001,0.015681267,0.0065722466,3.720983,0.00055885315,0.006070018
28.960695,8.869218,1.1055825,0.023309708,0.0056710243,3.8619852,0.00049734116,0.005163908
49.062332,14.183569,1.6713219,0.037566423,0.011965156,4.4586606,0.0009543896,0.011720896
29.505823,8.334342,1.1173375,0.022550225,0.008584738,5.365254,0.00070798397,0.008146405
30.646425,6.5687876,1.6426554,0.011670589,0.0085042715,3.1312852,0.0008330345,0.0076910257
46.698795,9.171349,1.7676513,0.010989904,0.010928631,2.9224222,0.001003623,0.009712458
37.156395,6.997461,1.8452125,0.011592388,0.008848906,3.8901005,0.0008788109,0.007868886
9.414245,2.1240082,0.67265296,0.01648295,0.0062983036,4.809311,0.00025975704,0.0057816505
29.48222,4.4769926,1.6450737,0.02263546,0.016014695,0.18253064,0.001280427,0.014338851
30.949936,6.7905216,1.3990555,0.014355898,0.012400985,1.9798722,0.00072562695,0.011708617
34.833633,9.304449,1.5877321,0.017788887,0.009891987,2.3823211,0.0008394718,0.009453177
33.552193,9.225449,1.1959715,0.011110067,0.005548835,2.4961474,0.0006043911,0.004380703
23.51356,5.4120746,1.3450475,0.011919975,0.009590149,1.7569847,0.00082194805,0.008864284
41.997692,7.6735754,2.1524787,0.011761308,0.009127617,3.6024742,0.0009355545,0.008137703
28.931305,7.596198,1.7104464,0.01836598,0.0061306953,3.1656075,0.00042665005,0.005641222
13.779942,4.5614395,0.5408164,0.012089014,0.005246997,4.6289253,0.00018823147,0.004575491
35.78494,7.742755,0.9746692,0.014154434,0.012856007,2.0907373,0.0009121895,0.012066245
28.401827,5.130621,1.0638897,0.021095514,0.0075467825,3.9848404,0.00060105324,0.0075376034
36.23877,7.406661,1.4389598,0.0141938925,0.011194706,6.552107,0.0013184547,0.009491682
27.011875,8.560007,1.1382909,0.014658928,0.0075285435,2.3349457,0.0005942583,0.006730795
40.763206,8.608912,1.6444299,0.015166521,0.013418794,2.5511038,0.0011110306,0.0124617815
25.904133,8.6251,0.48976266,-0.00051498413,-0.00078070164,1.3212388,-1.9431114e-05,-0.0007531643
28.690674,6.603567,1.5589137,0.015346885,0.010817528,2.674235,0.0009756088,0.009853363
45.849842,7.7657604,1.6238041,0.013896227,0.008897901,2.9186213,0.00076556206,0.008301139
31.6391,8.428315,1.0324676,0.0056717396,0.0030574799,1.2581081,0.0003900528,0.002293229
24.202545,5.1489983,1.722012,0.015823603,0.007221341,4.612073,0.00063586235,0.0065387487
33.294186,6.167173,1.2516236,0.018491149,0.006879449,4.6576877,0.0006791353,0.006369114
33.286674,8.447357,1.9072304,0.023655295,0.02110231,2.4300144,0.0014594793,0.01932466
34.450497,7.1143484,1.5705881,0.012386084,0.008136511,3.8041115,0.00086319447,0.0074316263
44.77782,9.081476,0.89183927,0.022785902,0.018892288,1.36465,0.0011637211,0.017850876
28.791527,6.8454757,1.1277926,0.015172482,0.004828453,3.1334777,0.0005995035,0.004532695
29.933409,8.135796,1.3233523,0.018325686,0.007846475,4.483969,0.00070393085,0.007709861
35.234383,7.0933065,1.7217395,0.017386317,0.0064712763,4.3436594,0.0007710457,0.0057114363
28.710093,5.8461094,1.2529669,0.012045145,0.005037546,4.5796857,0.00050377846,0.00447917
16.902905,3.8784118,0.74144804,0.00785625,0.0052882433,1.9162359,0.0003527403,0.004854083
41.455658,7.4598837,2.4797,0.017182827,0.0030317307,2.92202,0.0007029772,0.002636671
40.367603,8.781877,1.6853681,0.016091466,0.008446932,3.5969076,0.0007787943,0.007579446
36.005013,7.383212,1.5132987,0.016528964,0.004170418,4.329044,0.0006303787,0.003804803
37.756638,8.011451,1.5948913,0.010075331,0.009034514,4.528249,0.0009224415,0.007794261
37.422966,6.269808,1.0472603,0.008169174,0.0052171946,1.6433113,0.00047671795,0.004610777
35.479816,9.771069,1.3680701,0.016260624,0.0063183308,2.5558102,0.0005617142,0.006377578
41.20479,8.594321,1.4059439,0.009677291,0.007983565,3.7505121,0.0008511543,0.006986022
23.229816,5.1587443,1.2223287,0.014380693,0.012864709,1.2881651,0.00058197975,0.012242079
51.17413,12.820068,1.9003675,0.017392278,0.005867243,3.7336693,0.0005624294,0.0055708885
30.783175,7.101446,1.0752983,0.013047457,0.012107134,3.1624846,0.00084757805,0.011015415
28.0836,8.425078,0.6955488,0.00058722496,0.00028979778,0.8014349,2.3245811e-05,7.712841e-05
25.321714,7.2392654,1.2234523,0.015718102,0.016997099,0.891158,0.0010031462,0.015971422
33.84149,7.1267195,1.0478435,0.016064525,0.0075927973,3.6897302,0.0007311106,0.006878853
36.66054,9.753372,1.324192,0.0028778315,0.0010851622,1.155894,9.739399e-05,0.001052618
20.55783,5.607004,1.2454572,0.016212821,0.0063102245,4.0433006,0.0004838705,0.0057655573
38.66611,9.69765,1.3387268,0.014953136,0.00821507,2.777466,0.00068342686,0.007469058
27.337164,5.3182826,1.3890915,0.0165689,0.015419483,3.505715,0.0008966923,0.01439774
26.815624,7.0988865,0.99155414,0.010253072,0.0026267767,1.7824812,0.00031852722,0.0022251606
7.696332,1.9689457,0.18501902,0.01392293,0.004949093,4.987,0.0001821518,0.00414896
30.56921,7.566619,1.6276705,0.01324141,0.0101879835,2.9989564,0.00076520443,0.009118915
26.903973,5.244008,1.0927575,0.011311173,0.009361625,1.0874138,0.0005352497,0.00891006
23.464058,8.204948,1.2111924,0.010915875,0.0033067465,4.1842074,0.00040912628,0.0029565096
46.981064,8.732481,1.6684525,0.008904338,0.0089639425,3.0997562,0.00090301037,0.008150101
28.736582,6.63655,1.0427866,0.011176825,0.010452867,2.7173054,0.00070011616,0.009652734
32.08356,7.0774612,1.2401719,0.0117253065,0.0077484846,2.9712868,0.00067055225,0.007039547
53.764996,10.615116,2.0538907,0.016968489,0.008093834,4.051743,0.00077831745,0.0069475174
31.76653,8.446921,1.5398719,0.018658161,0.008413076,4.761997,0.00075161457,0.008200407
17.931417,4.3484426,1.1661363,0.016986609,0.0036597252,1.7645869,0.00032234192,0.0035527945
56.034874,12.759045,2.1498098,0.013541341,0.0047883987,3.808878,0.00038158894,0.0037914515
55.357025,11.795386,2.0058677,0.011821508,0.004704714,5.6751223,0.00030589104,0.003368616
47.638813,9.303942,1.8410964,0.0127340555,0.005768895,4.457141,0.000739336,0.0050168037
34.09209,7.422065,0.9833646,0.020291567,0.007262349,5.0687633,0.00075888634,0.0065944195
19.428333,6.4005346,1.5261092,0.011962891,0.008734703,2.3376846,0.00050520897,0.008147359
35.16953,10.125054,0.71579564,0.00044202805,-0.00011432171,0.3295797,6.7949295e-05,-0.0002681017
40.207733,6.991702,1.7138679,0.015124083,0.006302595,4.6511893,0.0006904602,0.0056135654
41.26119,7.989106,1.8424988,0.013130188,0.008286357,3.9189906,0.0009292364,0.007287383
34.038265,10.161725,1.2519782,0.021453023,0.0038679838,4.6203594,0.0005251169,0.004039407
25.07805,6.0249166,1.6625388,0.013812542,0.009273648,3.0637732,0.00089263916,0.008528471
45.713097,9.8027725,1.8397369,0.020540237,0.0071731806,4.0199676,0.0007112026,0.006310463
11.208264,3.555964,1.0583339,0.010837674,0.0038564205,4.6132016,0.00020420551,0.0036116838
55.858368,10.604112,2.0803668,0.01414597,0.0068233013,4.7109075,0.00080633163,0.0059075356
40.285385,8.249912,2.6555316,0.011341095,0.009076595,1.8532326,0.0010004044,0.008313298
30.654232,6.547014,0.971984,0.009483099,0.0031512976,1.7611992,0.0004081726,0.0027889013
30.644957,7.011032,1.3049288,0.010492086,0.0073502064,3.0171213,0.0006302595,0.0065078735
17.991396,5.682593,1.1855791,0.012385011,0.0038903952,3.5843673,0.00036907196,0.0036119223
42.709026,7.6169434,2.346137,0.010900855,0.007861376,3.3814888,0.0008369684,0.0070995092
19.617167,6.4109855,0.7947798,0.010474086,0.0045559406,6.78147,0.00019085407,0.0042026043
31.061626,6.6465306,1.019649,0.029063463,0.0056797266,4.155691,0.00049579144,0.005477667
30.37072,7.025196,1.2948797,0.011235476,0.0054039955,4.1381955,0.00055742264,0.0048758984
39.268772,8.532391,1.9146774,0.0144690275,0.0043007135,4.5883307,0.00061798096,0.0039750338
38.421276,9.807499,1.348181,0.009639144,0.00299716,2.549135,0.00037682056,0.0025652647
26.832174,6.882069,2.4120784,0.01203227,0.0048989058,2.0982938,0.00051915646,0.0044540167
30.504885,5.8348165,1.3016863,0.0171026,0.0140247345,1.1303682,0.0008533001,0.013045788
40.45561,8.472622,1.8910449,0.014253736,0.004433036,4.6530104,0.0006468296,0.004042268
46.78515,8.110853,1.725188,0.010239363,0.006317854,4.317094,0.0006877184,0.005410075
36.048676,8.534189,1.477148,0.008556128,0.0049825907,4.602635,0.00066006184,0.0042004585
13.440362,2.9034636,0.6305016,0.0093973875,0.0070792437,2.9405916,0.00044560432,0.006951928
29.84729,6.3763595,1.5027328,0.008543491,0.0073421,3.3912764,0.00058722496,0.006904483
23.262386,3.949942,1.5683348,0.00979352,0.008605242,3.6169744,0.00072419643,0.007694125
52.179176,9.51156,1.9078538,0.009111404,0.008987069,3.3769798,0.000983715,0.0077974796
31.731731,7.360936,1.1271095,0.011086345,0.007744789,3.9253368,0.0007264614,0.006958127
32.62793,8.528641,1.5268948,0.012624264,0.0062072277,3.3384128,0.0007530451,0.005898714
24.330206,4.502153,0.74008,0.007833242,0.003805399,1.3105283,0.00037038326,0.003483057
33.745995,7.459922,1.5197911,0.013264298,0.007912636,3.047596,0.0007827282,0.007140398
34.71068,8.7099695,0.99994946,0.04897654,0.045109868,1.028194,0.001901865,0.043321848
29.091482,6.256419,2.1397598,0.011862397,0.0063937902,2.470062,0.00078225136,0.0056905746
25.345922,5.3421664,1.1287551,0.013235688,0.010140538,3.3712358,0.00071263313,0.009878039
31.703388,5.92131,1.7884667,0.021147251,0.004670739,5.566828,0.00061035156,0.004019141
32.772434,7.217429,1.3330843,0.012751341,0.0065746307,2.8634362,0.00069999695,0.006137252
20.550068,5.536364,1.2945087,0.009293795,0.008607626,2.806145,0.00059974194,0.007654667
35.924072,7.20609,1.3340693,0.007425308,0.00816679,3.5299554,0.0007042885,0.00705564
28.913727,8.849712,1.5192122,0.013004303,0.005140424,3.581287,0.0005944967,0.004645109
27.646267,4.622531,1.8632262,0.00970304,0.009690404,3.4234495,0.00077307224,0.008689046
38.963757,7.570057,1.7494445,0.013016462,0.009971023,3.4929748,0.00096929073,0.008949518
33.956104,7.5236635,1.2544484,0.012989402,0.008425236,2.7381015,0.00076937675,0.0075331926
27.83414,6.564824,1.6795762,0.012835741,0.009089351,2.8633878,0.0009151697,0.008309364
35.24164,7.2993593,1.5648046,0.010590911,0.009081483,2.3882685,0.00089359283,0.008079648
27.289917,8.482124,0.65668905,0.0004529953,0.00029730797,0.2900293,0.00010693073,0.00030338764
40.745586,7.1464815,1.721061,0.008638024,0.008261323,5.0557685,0.0008853674,0.007048607
46.76108,9.200087,1.7586875,0.012856245,0.0075609684,3.972384,0.00083756447,0.006752372
41.18625,8.260145,1.3829613,0.0091279745,0.007945895,2.9777548,0.0007703304,0.0071513653
44.15381,10.583606,1.5052245,0.019144535,0.0052752495,3.9153156,0.00051152706,0.005044818
21.817488,5.4006567,1.4375031,0.014606357,0.0142169,1.7075939,0.0011062622,0.013130307
24.784885,3.96708,1.3514957,0.023140669,0.0051254034,5.6163144,0.00048673153,0.004522562
45.11139,13.366871,1.8390477,0.037537932,0.0065909624,6.0129833,0.0008006096,0.0060583353
43.071983,9.373412,1.8623061,0.01661408,0.009164095,6.873659,0.00116539,0.007347584
50.862774,10.688729,1.9124813,0.01199317,0.005759239,4.1362853,0.00076043606,0.0049204826
57.17527,11.722837,1.7120285,0.020776987,0.01744306,2.810429,0.0012120008,0.015126944
49.42108,11.005391,0.74635816,0.034624457,0.010351062,4.09161,0.0005557537,0.009611726
32.854816,8.52669,1.3810446,0.016553879,0.006307006,4.097164,0.0006070137,0.0062880516
23.04551,5.446277,1.3718262,0.013065219,0.009139895,2.4465241,0.0007619858,0.008367538
38.84837,7.7231216,2.181118,0.020528078,0.0038878918,4.9856677,0.00069129467,0.003508687
41.84942,7.5765657,1.3965213,0.012197971,0.0026980639,1.1920328,0.00046765804,0.0023306608
51.02368,8.701673,2.3537264,0.012000084,0.008479595,4.0447645,0.0010478497,0.007483721
52.91862,13.309558,2.091974,0.016792417,0.005182743,3.9685206,0.00044357777,0.0045496225
40.2133,8.4684105,1.6064956,0.0146865845,0.0081756115,3.3772264,0.00076949596,0.0073361397
33.93072,8.138655,1.8122649,0.013777971,0.0073543787,3.6656651,0.00088858604,0.006381631
48.10066,9.422037,1.5421102,0.01803112,0.0071640015,3.8672557,0.00058174133,0.0068200827
26.240742,7.0318813,1.3219395,0.0096337795,0.0048947334,2.8752503,0.0004081726,0.0045837164
23.969624,4.4270525,1.5580049,0.016848564,0.007830024,4.688993,0.0006506443,0.007124543
37.68274,10.227714,1.4896972,0.018885374,0.007077694,2.4892075,0.00060999393,0.0073182583
25.482542,4.423279,1.5084989,0.009896517,0.00919795,4.5990257,0.0007596016,0.008202434
20.554335,6.409252,0.9559039,0.023794174,0.0064287186,4.576398,0.00040364265,0.0058470964
33.001976,6.8906574,1.7249169,0.010841489,0.007979631,3.2024908,0.0008494854,0.0072374344
33.408413,9.638386,2.161316,0.04220605,0.04031408,2.3243852,0.0022770166,0.037146807
29.722382,5.841146,1.6053946,0.021329999,0.020561457,1.7628865,0.0010324717,0.019045353
47.351147,10.946085,1.7426729,0.0131623745,0.0051683187,3.4494972,0.00048244,0.004175186
18.655268,6.344968,0.797691,0.009985924,0.0028010607,6.3374543,6.2823296e-05,0.0024957657
24.734814,5.9056005,0.7558646,0.0048083067,0.0015411377,1.1905015,0.000121593475,0.0012683868
31.053574,8.043527,1.4585831,0.012145877,0.003900528,3.727994,0.00048422813,0.0034497976
28.618576,6.3189316,1.380907,0.010332346,0.00556767,2.8428748,0.0005776882,0.0048292875
42.69371,9.130318,1.6383867,0.015522599,0.005475402,3.695785,0.00043928623,0.005051732
32.127487,6.4515724,1.5272572,0.018421412,0.01545167,2.0865152,0.00095808506,0.014285803
39.190437,8.100994,1.4598572,0.012911558,0.0075603724,4.546015,0.0007251501,0.006703019
34.894997,7.3155823,1.6895754,0.017234802,0.004475713,3.6524415,0.00068187714,0.0037214756
49.445915,10.704813,1.0744064,0.029940963,0.022570968,1.3101883,0.0013183355,0.021254778
34.95274,9.489959,1.0502906,0.0074903965,0.0019106865,1.4999948,0.00021672249,0.0017447472
16.021532,3.0542984,0.6520792,0.008594513,0.0051817894,2.506358,0.0003888607,0.0050878525
32.153328,7.062517,1.6148565,0.020939589,0.016172528,3.3708835,0.0009964705,0.01475966
27.565987,6.5689335,1.582401,0.012214065,0.006631255,3.9748378,0.0006033182,0.0061045885
39.547333,8.248248,1.4959228,0.011137843,0.008826852,4.121391,0.0008856058,0.007838607
23.111937,5.2832537,1.5576086,0.013891101,0.009224296,4.011186,0.0006223917,0.008703589
54.01817,9.632034,1.9365351,0.00799191,0.0073349476,3.7517467,0.00092196465,0.0064365864
54.114662,10.9381895,2.0685928,0.017549515,0.007741213,4.00706,0.0007728338,0.0066337585
27.89939,6.9085913,1.482158,0.011649847,0.004492879,3.1198287,0.0006531477,0.0034217834
23.492027,4.2564225,1.587852,0.015802741,0.0053087473,3.9465337,0.0005118847,0.004834771
46.25086,8.669383,1.7944827,0.011436939,0.00703907,4.341174,0.00077199936,0.0061718225
28.986511,6.6988564,1.4133089,0.011399269,0.008466959,2.8346932,0.0006262064,0.007901907
35.397175,7.3590746,2.2743773,0.014304042,0.009462357,3.4216433,0.000780344,0.008421063
27.448183,6.9954123,1.2876358,0.008884072,0.006452203,3.612516,0.00068056583,0.005452156
32.405914,5.883014,0.7477546,0.006790757,0.0036092997,1.3787827,0.0005725622,0.0031565428
22.422932,5.2834315,0.99327993,0.012427807,0.0075360537,4.9329696,0.00046920776,0.0071349144
50.098225,14.857516,1.1740317,0.044135332,0.006661296,5.2822185,0.00044369698,0.006194949
30.61839,8.496705,1.099927,0.011901498,0.0048003197,3.3149943,0.00046515465,0.0047336817
38.216957,4.2868543,1.6852088,0.025431275,0.016106725,2.3371725,0.0012972355,0.013852954
29.850885,7.686718,1.8188739,0.015945077,0.006885171,3.1387382,0.0005545616,0.00625968
47.595226,8.769747,1.6675856,0.007503748,0.0070343018,4.3078666,0.00081288815,0.0059764385
34.80611,7.823638,1.129549,0.008060813,0.003456831,2.484854,0.00030636787,0.0031871796
50.43042,10.158941,1.886931,0.014086962,0.006931305,4.9149795,0.00074505806,0.0057462454
27.443226,4.3363476,1.234185,0.02020216,0.0065301657,3.4451532,0.00055098534,0.0061291456
40.743233,7.8441286,1.5419593,0.008085847,0.008590221,3.8028646,0.0008286238,0.0075187683
32.293945,8.761381,0.8516886,0.0021253824,0.0010751486,0.9153682,0.000113129616,0.0007493496
25.707617,7.334835,1.0727866,0.00880754,0.005348325,0.54630935,0.00042951107,0.004672408
31.75587,9.033335,1.2586839,0.015081525,0.007626295,2.5706577,0.0006598234,0.0071297884
22.734468,7.300582,0.9150988,0.01071012,0.0042698383,4.6529994,0.00029063225,0.0036289692
27.29492,6.005173,1.564877,0.014457703,0.004616499,4.283265,0.00055527687,0.004255891
35.01544,7.8987217,1.3458571,0.013122201,0.010524392,2.5643122,0.00085771084,0.009472847
32.77537,6.9695587,1.1022065,0.013207674,0.007531762,3.6175413,0.0006568432,0.0070154667
46.05782,8.417878,2.0044715,0.011881709,0.0062497854,4.5690823,0.00075888634,0.0053720474
7.1194153,2.3181334,0.72721195,0.008105397,0.008806109,3.582118,0.00027525425,0.008662701
33.685158,5.273073,1.4727888,0.018910885,0.0036506653,5.8126593,0.0005105734,0.003359437
39.841152,6.904694,2.1006181,0.020890951,0.003623724,5.0257506,0.00070905685,0.0029973984
32.474598,7.096632,1.5431805,0.011099935,0.0085116625,2.511656,0.00072073936,0.00792551
13.197174,3.6283927,1.1669292,0.017791152,0.0068097115,5.0671687,0.00041496754,0.0061079264
33.412964,5.4749193,1.5453808,0.01795566,0.003455639,3.6226597,0.00053071976,0.0031241179
32.95133,8.158555,0.93400764,0.0022281408,0.0009756088,1.1524322,0.00013780594,0.0006722212
31.052692,5.680816,1.6484466,0.011531353,0.008672953,3.8695865,0.00069737434,0.00787437
35.51647,6.3665605,1.4228723,0.018675447,0.014093041,2.54606,0.0011434555,0.0127693415
35.65391,7.9055204,1.6063735,0.014529705,0.0057975054,4.401328,0.00073873997,0.005095601
24.497093,6.327495,1.3615875,0.014774561,0.009238005,3.248507,0.0007208586,0.008653164
57.103107,10.863032,1.9501235,0.011197209,0.0045769215,3.27244,0.0002951622,0.0044156313
32.296684,6.598567,1.8020468,0.010539174,0.008321285,2.6653166,0.0007585287,0.007958531
34.12312,8.027992,2.8427093,0.013461709,0.004143238,3.7989407,0.0005879402,0.0037852526
37.36507,10.337449,1.4428647,0.017441511,0.0063431263,2.4699128,0.0005540848,0.006490588
33.48484,5.248089,0.7294307,0.0063405037,0.004411936,1.497894,0.0005937815,0.003694892
33.95929,9.345759,0.89238524,0.0018472672,0.000349164,0.46449113,8.678436e-05,0.00010406971
42.082417,8.664383,1.516799,0.018208742,0.005317211,3.8035874,0.0007531643,0.00503397
27.479553,8.312278,1.5504858,0.011357784,0.0042538643,4.2667174,0.00046944618,0.0039259195
38.229095,7.8357725,1.5483665,0.012252688,0.0057919025,4.2367234,0.0006197691,0.0051811934
27.754547,7.3685646,1.7735214,0.011470556,0.005392909,3.825613,0.0006902218,0.0044994354
37.80202,7.2591953,1.5415657,0.013149381,0.005069971,2.024148,0.00071930885,0.00439322
32.97793,5.4470744,0.7201208,0.0055434704,0.0039851665,1.4827628,0.00057566166,0.0032689571
38.891632,6.8266263,1.5147481,0.022795439,0.0046206713,5.521057,0.00068187714,0.0040653944
45.30444,8.959478,1.914057,0.015303135,0.0067418814,4.821546,0.00075662136,0.0059809685
30.561235,6.946357,1.1106265,0.0137319565,0.007388234,4.4305954,0.00071132183,0.0071783066
30.169298,7.033022,1.5522542,0.019465923,0.012980819,2.5395677,0.0009499788,0.0119485855
54.149784,10.409206,1.3501902,0.028110862,0.025431037,2.1870775,0.0017199516,0.023527741
42.094967,8.253782,2.0259488,0.016667485,0.011387467,5.307733,0.0010807514,0.009511352
25.820644,6.9106717,1.8167391,0.01703751,0.005646825,3.5431771,0.00053322315,0.005317211
38.709675,7.3822756,1.517307,0.015196919,0.011497974,2.7291374,0.00095808506,0.010391831
18.743517,5.79848,1.3573809,0.006840825,0.0066577196,1.5080271,0.0004223585,0.0061285496
16.87252,3.6086502,1.5362153,0.012294292,0.0051021576,3.9897614,0.0004105568,0.004720807
35.657658,7.2437935,1.6580703,0.0088015795,0.008647561,3.032662,0.0007568598,0.007902622
37.27372,7.559123,1.7443168,0.020936012,0.014444709,2.9783022,0.001039505,0.012548327
35.44613,7.412615,2.648893,0.011398673,0.004397273,3.705791,0.00065124035,0.003437996
25.188604,5.315112,1.4454374,0.013041496,0.011209369,3.5519614,0.0005431175,0.010714531
22.053078,4.9856343,1.1778393,0.011998296,0.010920405,1.0466714,0.00054371357,0.010307908
32.143063,7.1636276,1.1716835,0.011137724,0.0072671175,3.800631,0.0005931854,0.006843686
31.60117,6.1585155,1.7732959,0.008076549,0.0080343485,3.166286,0.0007481575,0.007310748
24.471992,8.040939,1.6367714,0.010409474,0.0041048527,1.4335372,0.00043463707,0.003466487
29.736881,6.540096,1.659348,0.014205575,0.0057975054,4.0634284,0.00070011616,0.004684329
24.1049,5.867775,1.2451348,0.010329366,0.0095562935,2.6129425,0.00057041645,0.009245992
29.199593,5.7658195,1.4413702,0.012178659,0.0032052994,1.1319056,0.000472188,0.0027780533
16.304424,4.202148,1.3443587,0.017032623,0.0043826103,5.166416,0.00031757355,0.004649043
25.857517,8.38638,0.68067896,0.0005977154,0.0006663799,0.64231193,9.191036e-05,0.0006210804
35.211273,5.057019,1.4269612,0.022755146,0.018281579,2.1322715,0.0014234781,0.015940785
27.56987,5.9725814,1.115799,0.012563944,0.008339167,2.625379,0.00057947636,0.0077308416
21.669563,5.8628006,1.4298482,0.014586568,0.0054484606,3.9566078,0.0004298687,0.004871011
31.068798,10.147459,1.5642958,0.017397761,0.0022113323,0.8450595,0.00051283836,0.0018064976
44.24367,9.053161,1.9198763,0.008950353,0.008915305,2.3834257,0.0009266138,0.007930636
39.63453,8.139431,1.8090138,0.013078332,0.009592533,3.3370337,0.00097453594,0.008554339
38.282543,8.914269,1.2224016,0.012005568,0.0042625666,2.1936605,0.0006008148,0.0036655664
28.538246,5.8049173,1.4029138,0.011664748,0.0064208508,4.7248573,0.0006840229,0.0058072805
36.89194,11.234292,1.1361938,0.024855137,0.004515767,4.2766585,0.00054883957,0.00412035
17.760775,4.9727454,1.0451319,0.007179022,0.007895708,3.1462975,0.00058448315,0.0072005987
51.038475,9.938614,1.9287443,0.012737632,0.007271886,3.8866425,0.0008275509,0.00626266
19.103617,5.671367,1.3809159,0.0084728,0.012304664,2.0153422,0.0007698536,0.011744261
24.743511,5.8860064,1.3885748,0.014127731,0.01255393,2.7708263,0.000700593,0.011905313
29.670876,6.6804442,1.034662,0.0113117695,0.006681323,3.5138211,0.00041770935,0.0062772036
27.331762,7.0893965,0.791576,0.0012350082,5.3167343e-05,0.73298323,6.830692e-05,0.00033640862
30.410776,7.2318134,0.9916241,0.029323697,0.0057867765,4.064216,0.00047707558,0.005575776
32.60187,7.0373716,1.5701122,0.010372639,0.0058857203,3.8238568,0.00060355663,0.0054106712
27.996626,8.517672,1.2050779,0.01345253,0.0049848557,2.7431328,0.00050997734,0.0045018196
36.515602,9.025715,1.4991252,0.013476372,0.008769989,3.4797235,0.0008113384,0.008138299
29.560116,6.0375695,1.2767298,0.021974921,0.0069726706,4.5259624,0.00073421,0.0062232018
30.573872,7.317585,1.2112739,0.012509108,0.008993864,3.044845,0.0007660389,0.008023739
25.834066,7.9007387,1.5421817,0.010534406,0.0037178993,4.005497,0.0005286932,0.00349617
39.23528,8.574369,1.8862553,0.014408469,0.008243084,3.541325,0.0008150339,0.007474661
57.191986,11.509753,2.3238156,0.01252377,0.006438613,5.033082,0.00071287155,0.005245805
49.037918,9.217861,1.6430783,0.009947062,0.009709477,3.487093,0.0009326935,0.008776665
55.8201,9.879084,1.9360728,0.009350777,0.008958697,4.0410666,0.0010294914,0.0078014135
39.83492,8.441538,1.6073296,0.014739871,0.007938623,3.4836822,0.0007536411,0.007133007
21.657232,6.146096,1.1907234,0.009737968,0.004738331,3.759366,0.0005338192,0.004539013
22.254725,5.7157125,1.517489,0.010699272,0.011126995,2.0874069,0.00045835972,0.010928035
21.152327,4.428897,1.158277,0.009744048,0.0017056465,2.595528,0.0003516674,0.0015060902
24.82522,5.7025466,1.4793582,0.014177799,0.005932331,4.506477,0.0005350113,0.0053286552
64.13527,12.838684,2.1827617,0.01952207,0.014009833,3.1405969,0.0010145903,0.011957049
50.537407,10.413667,1.9709437,0.015832663,0.006790638,4.4765186,0.0007519722,0.0059281588
45.037315,8.287175,1.5355599,0.013086319,0.008069515,3.581726,0.00091040134,0.007441163
32.428776,5.721301,1.4395707,0.016995788,0.015547156,2.5509784,0.0010088682,0.014234543
29.451426,8.544895,0.70658684,0.0010840893,0.0004168749,1.0651448,5.364418e-05,0.00015246868
53.82416,9.892347,2.1325495,0.010945916,0.009528875,3.650836,0.0010807514,0.008361936
27.238636,5.882752,1.4527988,0.0141659975,0.0063900948,4.5352674,0.00060904026,0.005650401
43.210415,11.256485,1.0067437,0.021436572,0.00606668,3.364253,0.00054216385,0.005318761
32.52357,6.280367,0.9319514,0.006204605,0.0017291307,1.5827007,0.00019431114,0.0012397766
33.71969,7.333889,1.5391846,0.026328802,0.025010943,2.0748644,0.0013363361,0.02380991
31.665283,6.525841,1.7049341,0.031109571,0.0281955,3.793715,0.0014594793,0.027227283
39.238815,9.908753,1.6456113,0.01270926,0.007969856,3.3905501,0.00084245205,0.007905006
23.563902,5.242747,0.6092894,0.0165025,0.00644958,4.3397975,0.0005118847,0.006567955
42.636578,8.89677,1.1454675,0.018984795,0.011037707,2.413649,0.0009649992,0.009887457
35.417713,6.6775904,1.4996684,0.008405089,0.008394718,4.677656,0.0009326935,0.0071276426
39.464214,7.414462,1.7351551,0.016439915,0.012437463,2.9739692,0.00094389915,0.011043191
38.889206,8.641644,1.9987843,0.012042284,0.007804513,3.1323671,0.0009850264,0.0067306757
45.594685,8.599848,1.8681054,0.016145349,0.010758519,3.7385468,0.0009835958,0.00961113
33.13844,7.046362,1.6962993,0.011255026,0.008410811,2.9578607,0.0007555485,0.0077536106
51.25713,9.087334,1.8766851,0.007933736,0.0075980425,4.1688805,0.0008816719,0.006509781
38.523273,7.6442003,1.5307343,0.009623885,0.008731723,3.6296554,0.00083196163,0.007937908
44.102425,8.256407,1.4932015,0.007154703,0.0075223446,4.005606,0.00078701973,0.006657958
49.084373,9.766803,2.0349255,0.015622616,0.008166909,5.492518,0.0009497404,0.006844163
35.00549,8.363678,1.5088279,0.010951161,0.0062389374,3.9115653,0.00082218647,0.0054711103
33.456768,9.417,1.303196,0.012622476,0.0047883987,3.455831,0.0004451275,0.004079342
40.73259,8.532677,1.5998511,0.016080618,0.0061023235,3.7417355,0.00082314014,0.005705595
47.503178,8.696102,1.7461843,0.020958662,0.010593653,2.9324675,0.0010380745,0.0090738535
27.804289,8.442432,1.0633245,0.010705471,0.0035178661,3.466216,0.00031983852,0.0036917925
19.606926,7.381897,1.3994894,0.012841105,0.004843116,4.2814865,0.00050342083,0.0044026375
54.085144,15.050093,2.0519683,0.04047799,0.007727623,5.8073997,0.0008484125,0.0070022345
36.117718,7.4103184,0.9243623,0.015268207,0.011144996,2.4143481,0.00088882446,0.010452986
28.661373,6.659639,1.4344425,0.014705777,0.015367985,2.254503,0.000803113,0.014326572
24.96007,5.7447557,1.2466791,0.01603067,0.0133907795,3.06176,0.0007147789,0.01248157
31.171093,6.38628,0.9935874,0.011041045,0.0070393085,3.9018617,0.0005546808,0.006667614
30.764973,6.212642,0.69234,0.010126233,0.0022646189,1.8109617,0.00021469593,0.0022443533
36.944775,7.8497057,1.5900707,0.0082912445,0.0097408295,3.7319508,0.0010200739,0.008146286
40.427864,8.133584,1.6735208,0.010313034,0.008229375,4.3677964,0.0006710291,0.0073862076
15.428865,3.4976997,1.4437335,0.018159986,0.006730199,4.9978986,0.00047647953,0.006048441
30.88178,5.2971277,1.2679892,0.02193904,0.018857598,4.6231923,0.0010523796,0.01763773
46.393314,9.234552,1.5801985,0.018428564,0.006946206,4.2134037,0.0005890131,0.0065199137
41.962364,8.672711,1.5047376,0.018364549,0.0053031445,3.7083383,0.0007497072,0.0050760508
36.81386,9.363814,1.026871,0.024676085,0.0048458576,4.5526133,0.00045776367,0.0043233633
40.628628,8.655864,1.5877814,0.016608238,0.005636692,3.5846367,0.00079762936,0.005445838
36.602947,7.580385,1.3979161,0.009546876,0.0072438717,3.9666853,0.0007559061,0.0065333843
42.36179,7.6531496,2.1730602,0.012425303,0.008389711,3.9734278,0.0009082556,0.007445693
37.897575,6.7115755,1.4678812,0.018540025,0.0051254034,2.7004797,0.00072193146,0.0044128895
28.274132,7.3273993,1.1708951,0.01577866,0.012393951,3.0185118,0.0008530617,0.01189661
45.78857,8.565664,1.4207518,0.04703343,0.04081583,1.8266313,0.0019813776,0.038916826
35.071346,8.186617,1.0924315,0.01229763,0.0041342974,2.8212209,0.0003761053,0.0036168098
43.93607,8.313909,1.5060704,0.0076777935,0.007668853,3.6589456,0.00079500675,0.0068018436
30.599981,6.7952485,1.8319488,0.014673829,0.006099701,4.0964236,0.0006338358,0.0055850744
47.747192,9.443844,1.485373,0.011031032,0.00933218,2.5569503,0.00087952614,0.008431077
56.62453,10.598067,2.1461952,0.01419735,0.0064846277,5.119587,0.00076007843,0.0056016445
25.63603,6.593763,1.0011094,0.008817673,0.008246064,2.4077277,0.00066769123,0.007645726
50.08543,12.457726,2.5778422,0.018029928,0.013531804,3.7021089,0.0012174845,0.012724757
39.51998,7.1393585,1.6075699,0.013038993,0.012918711,4.3503366,0.00094759464,0.0116227865
23.07046,5.0819135,1.0072215,0.011373639,0.0071878433,1.5566072,0.0005136728,0.006421089
36.475483,8.428741,1.2276897,0.0137524605,0.0053458214,2.4741106,0.00070238113,0.0045018196
34.540592,7.3886395,1.0546582,0.008785367,0.0027264357,1.8451471,0.0002528429,0.0024232864
27.007227,4.976532,1.6860619,0.01911819,0.011989117,2.0595484,0.0011612177,0.010806441
37.38727,7.183343,1.5324154,0.014390707,0.0038927794,3.5147495,0.00065529346,0.0033324957
39.510902,7.4793196,1.7346058,0.011606932,0.0075354576,4.134398,0.0008517504,0.006765008
57.063534,14.109503,1.8822737,0.022383094,0.0053355694,4.0295763,0.00037705898,0.0045434237
44.095383,8.455698,1.4364631,0.008763313,0.008600831,4.1193695,0.0008661747,0.0075848103
34.513664,7.623372,2.3030622,0.010479093,0.007272482,2.7040143,0.0008883476,0.0065174103
27.63211,6.2449975,1.452836,0.012662649,0.0050109625,4.3573794,0.0006110668,0.0046361685
29.814184,8.942611,1.2860985,0.017175317,0.0095050335,1.977273,0.0007302761,0.0087685585
48.35416,9.998013,1.7880471,0.01504755,0.007223487,4.031668,0.0007212162,0.0063556433
27.978647,6.086428,0.9506216,0.009895563,0.0057100058,1.76914,0.00040352345,0.0053589344
11.901779,3.7031403,0.947008,0.0140891075,0.0078006983,2.6323595,0.0006554127,0.0068650246
28.578108,4.257292,1.6560833,0.016918063,0.011635542,1.4631982,0.0010898113,0.010657668
29.832958,6.969516,1.1905305,0.010130763,0.0055601597,2.4393907,0.00031244755,0.0050474405
35.57917,7.580716,1.715059,0.015656114,0.0074152946,3.7399263,0.0007030964,0.0067082644
32.52306,6.2947416,1.5242283,0.020306826,0.016148686,2.5064976,0.0012919903,0.0145943165
23.235573,5.97993,1.2225964,0.008950591,0.006339073,3.8136392,0.00049614906,0.00617373
47.577084,8.671016,1.6842506,0.009847522,0.009713888,3.7993422,0.0009506941,0.008700132
27.467413,7.661558,1.6232183,0.013804436,0.012943387,2.9619982,0.0011652708,0.011912346
42.013855,8.467311,1.0633001,0.020215392,0.013540268,3.170062,0.0010658503,0.012781024
32.56384,5.898856,1.2635314,0.018256307,0.006825924,4.7216964,0.00065791607,0.006294608
45.88313,8.7278,0.9782022,0.037654996,0.029945731,1.8059831,0.001548171,0.02830398
54.351475,10.13058,1.9569409,0.012836814,0.0105599165,3.5273094,0.0011581182,0.009444952
38.176792,8.366298,1.645865,0.01497364,0.007112503,3.6118388,0.00068831444,0.006335616
36.000595,9.649635,1.2393689,0.010010242,0.0018540621,1.9101722,0.00025367737,0.0014529228
23.686768,5.4410625,1.1176128,0.005762577,0.0061450005,5.3887515,0.00050640106,0.0051825047
50.3242,11.092953,1.9494984,0.016393304,0.006230831,4.682585,0.00069642067,0.005435109
30.971003,9.406692,0.73112357,0.0009301901,0.0004272461,0.91737235,6.41346e-05,0.00025475025
30.86457,6.397158,0.9419409,0.012978911,0.0067915916,4.0501456,0.00061643124,0.006426692
45.916977,8.623074,1.556961,0.008153558,0.0069361925,3.9751625,0.0008393526,0.0060800314
27.680122,6.7299523,1.1883903,0.008295178,0.0069350004,2.0654764,0.00047457218,0.0065294504
28.917675,7.6805525,1.4493566,0.012196302,0.0062634945,4.0230556,0.000651598,0.0059723854
36.863155,7.235427,1.768112,0.013325334,0.008265138,3.8687181,0.0008856058,0.0073877573
25.833956,4.452696,1.3848841,0.012223959,0.010459185,3.5334249,0.0008728504,0.009560466
22.081488,4.7990637,2.025296,0.016814709,0.0038573742,3.4125495,0.0004696846,0.0035402775
27.911627,7.2205887,1.4554648,0.011322498,0.007862806,3.5907078,0.0006198883,0.0073434114
40.349434,7.683773,1.6572917,0.01110816,0.0056960583,4.302578,0.00066530704,0.0049871206
28.635523,6.5597806,1.5497465,0.015977621,0.014300704,2.3283124,0.00075531006,0.013360262
40.858597,7.4604206,1.6075783,0.013135672,0.008902907,3.1207452,0.00078344345,0.007886529
27.920649,6.4229875,1.2387462,0.010055423,0.0073366165,3.2236981,0.0005996227,0.0070883036
21.459312,5.8693137,1.1290393,0.014583349,0.011137843,3.1418886,0.000692606,0.010847807
49.610943,8.676637,2.594426,0.011749983,0.008970141,3.2763934,0.0010071993,0.008072972
18.097288,6.726692,0.8950764,0.012957573,0.0030579567,5.1633162,0.00018024445,0.0030132532
30.010113,9.50642,1.4030502,0.015938044,0.0027940273,1.069036,0.0005017519,0.0023070574
33.377144,14.990966,1.820571,0.017858982,0.00015163422,1.048542,0.00011229515,0.00021588802
27.679457,5.0742764,1.7390265,0.018087983,0.0059508085,4.4759717,0.00061035156,0.0053447485
49.681343,8.681711,1.8516302,0.008834362,0.0077240467,5.158226,0.0009291172,0.006504655
24.24825,5.3590183,1.672621,0.016149282,0.010791779,3.631178,0.000818491,0.010138392
28.942596,6.330088,1.8274608,0.012658358,0.010941386,2.229144,0.000872612,0.0099231005
30.125692,7.0158186,0.8795725,0.014501333,0.013133407,2.7816746,0.0007817745,0.012232542
11.66938,7.146734,1.3970332,0.012004495,0.014122248,2.7649567,0.0010229349,0.013540506
38.730446,10.009008,1.4383204,0.016916752,0.0059571266,2.8347867,0.00054466724,0.006264329
37.07411,9.6980095,2.0116427,0.013114095,0.0047997236,3.8180337,0.0007355213,0.004368782
57.713806,10.269155,2.2530777,0.01017344,0.008669853,3.6985154,0.0010560751,0.0075713396
38.88702,8.3628,2.4111798,0.014414072,0.009107232,3.0678897,0.0008057356,0.00809896
32.040714,6.7195377,1.8996487,0.010902762,0.00853157,2.772236,0.00090038776,0.0075451136
40.424656,11.068468,1.2062266,0.036720872,0.028207302,0.6045283,0.0015389919,0.026643157
25.875608,6.4295964,1.8273487,0.015963554,0.007913351,4.5088825,0.00081789494,0.0069559813
29.328793,4.9476004,1.2344837,0.017178416,0.016489148,3.946146,0.000983119,0.015352845
34.89556,7.687497,1.6391788,0.0116814375,0.011196971,3.0276136,0.00085163116,0.010065675
40.681416,8.805047,1.7600629,0.01733005,0.008588076,4.041627,0.000877738,0.0074822903
38.79741,8.250664,1.1683152,0.021655321,0.00762403,4.4123797,0.00062406063,0.007601857
45.40612,9.8203535,1.9229546,0.017227769,0.009780288,4.5860734,0.0009937286,0.008354068
28.375034,4.298748,1.7719493,0.025982141,0.019820452,0.3049475,0.001491189,0.017364979
26.393105,5.3765354,1.3387885,0.0111967325,0.0055845976,6.249181,0.0006378889,0.0057883263
41.54457,7.892555,1.6776309,0.011305332,0.005529523,4.213987,0.0006620884,0.004831314
27.131748,8.634277,1.1673265,0.016426444,0.009246469,2.0877519,0.00066411495,0.0081140995
31.680458,7.7028084,1.2415559,0.009900212,0.0071793795,2.2686782,0.00051403046,0.0067863464
42.826927,8.281777,1.4880607,0.00653255,0.0060950518,4.124727,0.00074386597,0.005176544
33.682808,7.723815,1.6461341,0.019754529,0.012707949,3.0804949,0.00093972683,0.011442184
46.452797,8.309647,1.929677,0.014243603,0.006696224,4.335019,0.00077164173,0.0058381557
28.031845,6.8387613,1.2587833,0.009105086,0.0053406954,4.4848027,0.00053822994,0.004945278
33.13424,6.58635,1.7331843,0.010487199,0.008697987,3.4755254,0.00081574917,0.007989287
31.271397,7.2079716,0.9592866,0.029215932,0.0059758425,4.0987124,0.0005110502,0.0057623386
39.189407,8.580613,1.5692658,0.015437722,0.006325364,3.6085033,0.00083065033,0.0059547424
14.068537,4.008497,1.0912685,0.009032726,0.0067691803,3.297626,0.00061798096,0.007068038
20.715574,7.887144,1.0283644,0.018408656,0.0066233873,4.1789827,0.0005251169,0.0065374374
26.868656,6.9688063,1.2008705,0.0125745535,0.008525968,3.6023593,0.00075411797,0.007850051
22.482153,4.6793137,1.2866261,0.013573408,0.0058699846,4.8929687,0.00056636333,0.00551188
25.723927,6.0152874,1.5099838,0.012960672,0.011483073,2.4846056,0.00075137615,0.010486126
25.35512,5.251859,1.222893,0.011145353,0.003722787,3.6545277,0.0003452301,0.0032287836
35.688282,7.1393366,1.715312,0.011031389,0.008675456,3.191174,0.00089740753,0.007851839
28.596422,6.7280326,0.8967321,0.0038990974,0.00094401836,0.88657176,0.0001654625,0.00085020065
49.27295,11.98794,1.8444035,0.009249926,0.002791047,2.4846678,0.00030493736,0.0022997856
28.31561,6.552065,2.0711524,0.01007092,0.009120703,1.8643923,0.00080144405,0.008686781
18.616913,3.5277925,0.7452749,0.009216785,0.005800605,2.190565,0.00043594837,0.0054318905
31.63773,6.8567047,1.4140153,0.007934332,0.0069869757,4.345245,0.00067555904,0.0060926676
25.701696,6.5098615,1.1016195,0.0076140165,0.004906893,4.046126,0.00046229362,0.004322529
50.442715,7.051627,1.2196152,0.022350907,0.0069611073,4.5584826,0.00048553944,0.00628829
36.042553,6.8214426,1.9457772,0.016267061,0.012203574,3.009359,0.0011644363,0.011053085
27.341982,5.225111,1.3901601,0.019259334,0.019413352,2.4211419,0.0010080338,0.018082857
40.823933,9.52817,1.2980888,0.036466837,0.02279532,1.976865,0.0014446974,0.021757245
59.861145,12.756119,3.0004177,0.014778137,0.0048109293,3.6365232,0.00038349628,0.0045030117
28.363756,6.237461,1.3893094,0.0104596615,0.0054996014,2.942761,0.00057148933,0.004773259
11.168606,3.682867,0.93709457,0.007823348,0.00786829,2.894421,0.00043046474,0.008063436
32.222485,6.417647,1.2786062,0.006683469,0.0065020323,5.643962,0.0006392002,0.0055789948
55.49467,12.512586,2.202518,0.013059616,0.004732251,3.500461,0.00040352345,0.003929615
43.53083,8.716721,1.6053519,0.034596443,0.026672363,1.8501134,0.0015590191,0.024982572
15.942875,3.2757807,0.73538065,0.009925842,0.0072999,2.3289855,0.0004569292,0.0068514347
44.11668,8.178843,2.3183215,0.01078701,0.008464932,3.0448465,0.0009082556,0.007992387
47.94168,10.820968,1.3152902,0.0236305,0.0074454546,4.817563,0.00059247017,0.0070284605
34.14593,6.766129,1.9011545,0.014717579,0.0065431595,3.6727676,0.00078344345,0.005539179
23.481813,5.4461064,1.2795682,0.013542414,0.011903882,1.1770048,0.000567317,0.011186361
42.615303,10.094171,1.7202413,0.026378274,0.0041151047,5.448406,0.00056290627,0.0033141375
48.460075,9.556969,1.9571235,0.014430404,0.0075956583,5.5060472,0.0008456707,0.006357312
17.82029,6.499824,1.3307683,0.013504744,0.0055338144,4.6958027,0.00050747395,0.0053732395
38.983814,8.603822,1.19418,0.012193203,0.010056019,2.8854568,0.0007908344,0.009138465
29.110737,8.139278,1.1728268,0.010756135,0.0037503242,5.3725405,0.00023460388,0.0029791594
14.689934,3.1544552,0.70171595,0.009327292,0.0071014166,2.4697542,0.00044071674,0.006736636
27.747381,6.3090334,1.2318621,0.013243079,0.011563301,3.5947385,0.00075376034,0.0111095905
38.263218,4.794575,1.3882163,0.025608301,0.018616915,2.3540998,0.0014739037,0.015449166
33.808228,6.947199,1.1142883,0.010358095,0.007182002,3.6869535,0.0005584955,0.0068478584
21.61545,4.6125875,1.5099044,0.015288711,0.0040864944,3.0355678,0.00043666363,0.0036728382
27.47876,8.389664,1.487992,0.011820555,0.004040003,0.4793688,0.0004620552,0.0036916733
30.29356,5.56157,1.3986824,0.015294075,0.015853286,1.82705,0.00073862076,0.015151858
24.384914,5.5594954,1.4574022,0.013421178,0.012757182,1.4499376,0.00054705143,0.012066722
31.704906,5.9219594,1.7437623,0.015669227,0.010915041,3.2795606,0.00080645084,0.009862781
39.241142,7.6826086,1.4272683,0.013764381,0.009846687,1.9912574,0.0007970333,0.008855343
20.808563,3.779354,1.4257212,0.00919342,0.008891821,4.651185,0.0006850958,0.007930875
62.155334,14.64532,2.05302,0.02590251,0.005030036,3.6428313,0.00039815903,0.003962517
28.785036,7.911089,1.8425195,0.013091207,0.0075205564,3.293695,0.00064873695,0.006885886
16.955523,4.202445,1.3253226,0.015287757,0.0061438084,4.742478,0.00045335293,0.00556159
42.005444,7.84832,1.7832568,0.011226058,0.0069676638,3.7781162,0.00079500675,0.0059581995
49.885265,8.739334,2.0648618,0.009840608,0.009186983,4.284902,0.001216054,0.007699728
36.881172,8.119885,1.1864712,0.013491273,0.009384632,3.343143,0.00085663795,0.008559942
25.283216,7.3966637,1.6775348,0.014516234,0.0055146217,3.8645902,0.00064873695,0.0053317547
37.467663,8.8843775,1.4707854,0.015054703,0.0050626993,4.7329526,0.0006555319,0.00468421
21.33787,5.9589596,1.216157,0.011860609,0.0077861547,4.495564,0.000608325,0.007775545
25.70491,5.921257,1.2292802,0.012335062,0.0067989826,5.9074445,0.0007185936,0.007077694
29.953793,7.8391466,1.0484047,0.010107517,0.0043178797,2.4942117,0.00037825108,0.00402534
24.355108,7.428789,1.4603369,0.011082649,0.0050424337,1.3056786,0.0005196333,0.0045315027
33.83053,7.280672,1.561168,0.019396663,0.005203843,4.1666284,0.0006619692,0.0047142506
20.076742,5.2186213,1.6481941,0.010507822,0.011938691,3.618867,0.00068950653,0.011412621
23.862478,5.3219695,1.2667046,0.014416695,0.014097691,1.6340666,0.0005645752,0.01345849
30.796764,5.4394803,1.3511808,0.020542264,0.0068814754,3.4556117,0.00058472157,0.0061786175
46.94345,9.821492,1.9181826,0.014718652,0.010150194,4.1504893,0.00075018406,0.009665608
45.82506,8.722095,1.8454969,0.01245594,0.006133437,4.7260814,0.0007727146,0.0053699017
35.12452,8.054469,1.4607236,0.010940313,0.006448388,4.1082473,0.00058698654,0.005796671
22.600563,4.339274,1.0436037,0.015843034,0.005314231,4.82402,0.0005197525,0.0048948526
60.662598,10.747717,1.4671814,0.029853702,0.02459228,2.1392353,0.0018177032,0.02339971
22.17406,4.7361736,1.7019296,0.015548348,0.004925728,5.1421647,0.0005222559,0.004734874
25.360304,6.2233987,1.3848515,0.01282537,0.004929781,4.266456,0.00053191185,0.004521847
22.217224,4.606809,1.5321996,0.013169885,0.005180955,4.9901752,0.0004864931,0.0047289133
37.469883,7.553959,1.4984548,0.009766579,0.008817315,3.680758,0.0008661747,0.007839203
37.564327,9.901262,1.4559283,0.0060253143,0.0006445646,1.4631407,0.00012135506,0.00022125244
46.191685,10.076364,0.9709786,0.028847933,0.023298979,0.646592,0.001275301,0.022221565
42.292828,9.478109,1.4888453,0.016045809,0.009188175,3.8100905,0.00082468987,0.008386612
25.802923,3.3585343,0.6809275,0.0084222555,0.008448958,4.441985,0.00056254864,0.008934617
22.127472,5.7028756,0.9057685,0.008713722,0.004552603,1.0949187,0.00039052963,0.0039902925
21.991629,7.3112907,0.89578176,0.010612965,0.0042506456,5.091578,0.00027024746,0.0038315058
18.720324,3.9214907,1.2824812,0.010996461,0.009498477,4.1744623,0.000736475,0.008702874
18.837027,6.405198,0.85133064,0.008376479,0.0041378736,5.8512063,0.0002259016,0.003391385
32.74298,6.6122394,1.375705,0.015138507,0.006341219,2.1629066,0.00084102154,0.005504608
33.36151,6.202558,2.0134792,0.014705777,0.004417777,5.226375,0.00058829784,0.0037777424
38.46393,8.668217,1.3434296,0.022423029,0.017389774,2.6380956,0.001187563,0.015987039
56.446186,11.945125,2.3547182,0.013986468,0.005394578,3.6562767,0.00047159195,0.0047997236
42.07778,9.465596,1.4867008,0.019387603,0.0035703182,4.4826303,0.000441432,0.0027649403
46.25744,10.703602,1.6598833,0.026872277,0.0040751696,5.0224667,0.00058841705,0.0034059286
59.82709,13.957084,1.2597167,0.03409946,0.025594354,0.6338321,0.0015033484,0.023497581
27.8883,7.45833,1.5330584,0.013811946,0.0077587366,3.9315395,0.00075399876,0.006833434
45.510605,8.82315,2.0121033,0.014600277,0.0067999363,4.032793,0.00072038174,0.005840659
56.03975,11.813448,1.8626127,0.012793183,0.0060236454,4.4336686,0.00050234795,0.0052462816
15.838284,3.750842,1.2050736,0.008744955,0.008020401,5.0937686,0.00047063828,0.0076287985
57.539555,13.501998,2.6265836,0.016676188,0.005050063,3.7891173,0.0004891157,0.003948927
40.13371,10.97391,1.5141852,0.0053058863,0.0015311241,1.3518527,0.00019323826,0.0013421774
54.60275,9.872391,1.9450271,0.0075936317,0.0066598654,4.456308,0.00086951256,0.0055630207
34.409817,5.503074,0.5177237,0.022634387,0.009759784,3.8798318,0.0007519722,0.010226846
41.176247,8.804889,1.5823572,0.018021107,0.005395055,3.6244106,0.00076699257,0.005102992
57.953236,13.43573,2.7787135,0.016023517,0.005115986,3.7906451,0.0004994869,0.0040626526
52.59021,10.581019,2.0388472,0.017416954,0.007826924,4.070051,0.00074887276,0.006681204
41.274887,8.789942,1.6844168,0.015114903,0.008036137,3.7008038,0.00077342987,0.0072203875
31.245117,8.027775,0.87397826,0.00271976,0.00059366226,0.90855336,0.00012552738,0.00060141087
24.741106,6.490491,1.383991,0.017977715,0.012148261,3.901147,0.00093090534,0.011404872
34.845238,10.356394,0.734781,0.0007084608,4.1246414e-05,0.20983005,5.0783157e-05,-1.847744e-05
18.86244,4.02786,0.87713456,0.009926319,0.006685376,1.8481524,0.0003991127,0.006098509
28.7631,6.665692,0.7866545,0.020893812,0.011912346,3.1476746,0.0008587837,0.011702657
26.700327,7.1441984,1.2025273,0.008680582,0.005158901,1.9907408,0.00048422813,0.00449574
52.02836,10.08976,2.1813698,0.016611457,0.007722616,4.8713403,0.00080120564,0.0067454576
40.82715,9.220173,1.1523972,0.015392423,0.011060476,2.775247,0.0009213686,0.01020205
51.18008,11.521167,1.9883499,0.013846755,0.004587412,3.443252,0.0003246069,0.0045502186
42.830414,7.9376993,2.0659564,0.019798994,0.003988266,5.373105,0.0006916523,0.003489375
28.47781,7.7159863,1.5495491,0.013448477,0.0057917833,3.3922648,0.00063467026,0.0055724382
25.734156,4.9250574,1.6560395,0.017784,0.016279101,2.405833,0.0010966063,0.015361309
34.520943,9.613877,0.708693,0.0011177063,0.00036466122,0.67980087,0.0001333952,0.00015032291
46.973736,9.716536,2.008346,0.016772747,0.0065865517,4.292397,0.0006760359,0.005778551
39.718464,7.9817076,1.429682,0.012720585,0.007968187,4.5615954,0.00069248676,0.006905079
43.487785,8.717008,1.3562112,0.017102122,0.0071799755,4.220525,0.0006313324,0.0066068172
37.17722,8.136682,1.615839,0.012326956,0.010965109,3.1486192,0.00088334084,0.009773374
15.49581,3.288827,0.74608994,0.009785891,0.007505417,2.466372,0.00046944618,0.0070973635
28.74011,6.60642,1.6892095,0.012517214,0.008708,3.1272006,0.0007879734,0.00790143
38.138996,8.724366,2.3457842,0.011479735,0.007314086,2.7773907,0.00090408325,0.006281376
32.700775,7.1437273,1.4191773,0.012126088,0.010360599,3.162074,0.0008625984,0.009359002
43.14347,9.006326,1.76281,0.015039086,0.0073416233,3.99018,0.0008171797,0.0063763857
31.071537,8.478871,0.7916237,0.0017384291,0.0008895397,0.99270105,0.0001308918,0.0005273819
22.361998,5.4485517,1.1298277,0.009507418,0.008624792,2.6236804,0.0005017519,0.008332491
45.18855,8.7418165,1.7301278,0.010476589,0.00533545,4.6981125,0.0006607771,0.004625082
18.656588,4.0689263,1.2719715,0.015952468,0.01643753,2.1831298,0.0009020567,0.015903473
37.3431,10.176482,1.4695897,0.017493486,0.0061035156,2.5655425,0.0005607605,0.0063779354
21.839018,5.2510448,1.290488,0.01182127,0.008919954,0.9082202,0.00049483776,0.008666754
33.76526,6.514278,1.3441803,0.018381596,0.006318569,5.2188163,0.0006762743,0.005533576
44.430363,8.696965,2.5033207,0.023877263,0.0046516657,5.0368385,0.0007658005,0.004530549
27.115019,7.327734,1.0156708,0.009550691,0.004079938,6.492892,0.00019621849,0.0037429333
40.599277,9.217271,1.3421495,0.028210402,0.021295547,1.794414,0.0013711452,0.019872189
51.88956,9.876616,2.1850333,0.016958714,0.009284377,4.5637116,0.0009160042,0.00816381
28.419247,6.36841,1.6309719,0.01165235,0.009316325,3.0904918,0.00069499016,0.008692741
35.009975,9.548563,1.2727988,0.013268828,0.0051032305,3.375782,0.00053322315,0.004466772
37.363533,8.326744,1.661253,0.014126062,0.010288954,3.7469087,0.0009946823,0.009208918
47.09836,10.400798,1.7567317,0.011672735,0.005536318,3.8997326,0.0006645918,0.004719734
37.269768,8.54631,1.8078675,0.013299227,0.0076060295,3.3463836,0.00092697144,0.0066410303
41.35263,9.443788,1.4545319,0.019969106,0.0035127401,4.3479176,0.0004671812,0.0028283596
27.75075,7.5441294,0.88101697,0.024820685,0.0061422586,3.8313913,0.00042951107,0.005473733
18.1659,6.455782,0.85123837,0.015182376,0.0042304993,2.0047963,0.00019168854,0.004354
17.260155,7.1444693,1.565455,0.013971567,0.01894939,2.7293997,0.0012840033,0.017577529
27.67676,6.2596164,1.2764025,0.01323235,0.011089563,2.8621595,0.0007917881,0.010458708
30.573387,7.2267075,1.66436,0.013413906,0.01028347,2.8675907,0.0008158684,0.0094127655
35.753174,5.2606626,1.6453376,0.025303483,0.012601495,1.9050794,0.0011783838,0.010977864
32.8833,10.060016,1.7746248,0.011394858,0.0034241676,2.069089,0.00046646595,0.0026618242
29.746521,7.937933,1.1547525,0.0076090097,0.0035780668,7.7309637,0.00034236908,0.002916813
39.86873,7.4413586,1.3809597,0.020692348,0.0046652555,4.3561006,0.0007237196,0.0045456886
23.04367,6.0467176,1.3855286,0.01304841,0.0038164854,3.6874037,0.00045990944,0.0031323433
22.700745,4.094887,1.390506,0.010463119,0.007647872,5.0825033,0.00070273876,0.0069395304
29.887081,9.343523,1.4319258,0.0139991045,0.0047004223,1.6232445,0.0005339384,0.004289031
36.220367,6.9294047,2.7021818,0.018742204,0.0047837496,3.851974,0.0007246733,0.0042135715
32.2477,6.770535,1.8970122,0.015273333,0.0041638613,3.9265995,0.0006430149,0.0033894777
31.386383,6.7688375,1.0956006,0.010234237,0.0060942173,3.9971995,0.0006171465,0.005794406
32.349186,6.6268606,1.5613368,0.014166594,0.009903073,4.0413423,0.0009875298,0.008841276
25.536594,4.229582,1.6941903,0.010533094,0.0099473,3.4240336,0.00083220005,0.008973837
44.293755,8.55237,1.7841513,0.015187383,0.0075348616,4.060408,0.0007494688,0.0065723658
30.78228,8.207874,1.4395614,0.010510683,0.004216552,3.6640215,0.0005799532,0.0039857626
36.373455,7.612898,1.3532445,0.011132598,0.007756233,2.7385669,0.00057291985,0.006853342
25.170448,6.2846212,1.6298759,0.015023351,0.0075861216,3.148489,0.0007851124,0.0068922043
28.306068,6.3373365,1.3943973,0.013703108,0.012619615,2.7400706,0.0006276369,0.011959314
40.22311,10.623185,1.4601758,0.015686631,0.0043381453,2.9350104,0.0004248619,0.0047284365
55.77539,11.2309475,2.3614404,0.017704844,0.006942272,5.1313148,0.0007472038,0.005994439
33.64351,8.223687,1.4817903,0.013310075,0.004797578,4.5234995,0.0006406307,0.004452586
25.742031,6.106867,1.3039975,0.012764335,0.011760473,2.3132305,0.00075244904,0.011051536
54.582287,11.723138,2.1539288,0.018343806,0.013614893,3.4060717,0.001106739,0.012962222
17.515583,4.339527,1.0987337,0.012579322,0.013023853,1.5195627,0.00041031837,0.012539148
26.200335,6.14735,1.2222366,0.016385436,0.005834341,3.1835175,0.0006109476,0.005328417
34.247456,7.835574,1.5813444,0.0109426975,0.005025625,2.7435985,0.00070130825,0.0042848587
38.020416,8.414844,1.2187362,0.01797533,0.015611172,2.1854942,0.0011404753,0.014368892
42.774597,9.102398,1.6031411,0.015430331,0.0057758093,3.6897202,0.0005362034,0.0053361654
40.35783,7.887557,2.218708,0.01858902,0.0051664114,4.698749,0.0007722378,0.004569173
61.706978,14.79198,3.077839,0.016469717,0.005580902,4.423759,0.00044560432,0.004724741
28.808327,6.887189,1.3837593,0.013194084,0.005695462,3.5284896,0.00057709217,0.005209923
35.895123,7.4932423,1.1725328,0.010808229,0.009338975,2.8191419,0.00078988075,0.008654833
41.618896,9.521743,1.6179531,0.024166584,0.0042123795,5.3171363,0.0006158352,0.003601551
37.691902,9.754028,1.3417594,0.012285709,0.00477612,3.061853,0.00043082237,0.0040866137
17.893496,4.506698,1.2885396,0.015964985,0.006675482,4.6780868,0.00048053265,0.0060138702
16.655212,3.0129356,0.66339123,0.008979201,0.0054211617,2.5157306,0.00041127205,0.0052871704
50.49689,13.778493,1.9702394,0.01966858,0.0063518286,3.624998,0.00056898594,0.0061172247
35.345325,5.8721185,1.5875738,0.016670942,0.0052289963,4.588196,0.0006606579,0.0049259663
26.14863,5.6291065,1.410403,0.0074948072,0.006502986,2.5721347,0.00041353703,0.0056626797
39.914555,8.902211,1.9856873,0.017160296,0.004092574,2.7879524,0.0007481575,0.0033416748
22.765726,5.150475,1.2663662,0.012798667,0.0077358484,1.5846026,0.00059998035,0.007523775
36.916496,8.246285,1.7345905,0.011611104,0.007961988,3.6884384,0.00082695484,0.007399678
57.834763,10.13502,2.2822864,0.009809852,0.008219004,4.037834,0.0010172129,0.0071371794
26.499489,4.2576437,1.4641192,0.0115031,0.010488749,4.365269,0.0007921457,0.009445906
43.649265,9.530968,0.9252595,0.026348948,0.020126104,1.1534672,0.0011763573,0.01899147
22.025114,6.249536,1.4300301,0.010788441,0.0058772564,0.85913754,0.00041425228,0.00565958
47.788105,8.95833,1.935005,0.017728686,0.009667158,3.3778148,0.0008113384,0.008367538
26.553127,4.8792257,1.6683965,0.016654253,0.007868409,4.3151608,0.00069987774,0.0071487427
49.9219,9.332775,1.7815564,0.009267569,0.008440495,3.2947497,0.00095665455,0.007498622
21.557968,5.0201583,1.3510425,0.011550069,0.007709503,5.1407914,0.0006238222,0.007500887
27.734247,7.2346087,1.4783499,0.016961455,0.01368773,0.59452975,0.00085151196,0.012956023
36.774494,7.7024307,1.1626194,0.012535334,0.008880734,3.6261125,0.00080657005,0.008172393
29.29302,6.2315226,1.681447,0.010934591,0.008436799,3.161151,0.00078988075,0.007563114
25.076351,5.23253,1.8329728,0.013204813,0.008555889,3.37753,0.00065124035,0.0078547
31.352982,5.6515155,1.8663416,0.015934467,0.0047525167,4.8079844,0.00062572956,0.0043177605
32.10291,5.392121,0.5201794,0.019393802,0.009358048,4.4473057,0.00070488453,0.009026647
48.23587,12.271595,1.9310069,0.018191218,0.0036648512,3.927834,0.00051653385,0.0029129982
17.977257,3.4079647,0.74607694,0.010225773,0.0067287683,2.74327,0.00047969818,0.006516218
18.824665,4.431125,1.3764188,0.016611338,0.0070756674,4.3689437,0.00052797794,0.006549597
34.56829,5.8461604,1.485441,0.01674211,0.016176105,1.4265661,0.0009775162,0.014689684
21.548485,4.625518,1.0880039,0.01501286,0.009215474,1.6714978,0.00062930584,0.008512616
49.332363,9.338879,1.6166451,0.011772513,0.010074139,3.9361687,0.0010118484,0.009041548
28.065977,7.9687033,1.4951067,0.013358355,0.0041894913,3.9354386,0.00057029724,0.004431486
26.186125,7.7188816,1.36902,0.019435883,0.013999701,1.0322299,0.0008292198,0.01351428
29.481537,6.7361445,1.2595975,0.012115359,0.007632017,2.0731022,0.0005494356,0.0070563555
25.760164,6.2612395,1.2168539,0.013161063,0.010782838,3.1819916,0.0007100105,0.010304809
36.355362,9.8190365,1.4138732,0.017517567,0.0061848164,2.7196078,0.00056374073,0.006564021
54.812763,9.577209,2.1810548,0.009165168,0.008818746,4.080464,0.0010242462,0.0076323748
59.776596,10.6971445,2.0859654,0.00943172,0.008541465,3.3781967,0.0009883642,0.0075206757
41.028675,10.736304,1.5282536,0.017500281,0.005363345,2.8086925,0.0005093813,0.0058285
26.427954,7.1382875,1.3922634,0.01343441,0.0064046383,3.7855902,0.00066006184,0.005921483
40.570187,8.706728,1.4520259,0.00899744,0.0025069714,2.3050199,0.00034177303,0.0020502806
52.274124,9.444883,1.9708815,0.009619236,0.0053505898,4.413982,0.0006586313,0.004535675
23.980492,5.226973,1.2651541,0.016033173,0.00558424,4.5751424,0.0004798174,0.0047813654
36.196117,8.773688,1.1746528,0.0047739744,0.0011661053,0.9173869,0.00015199184,0.001039505
32.840504,6.8107285,1.0772119,0.010566592,0.00507617,1.6590574,0.0007213354,0.0045433044
43.851154,11.3202,2.5579748,0.015417814,0.009414554,3.428781,0.0010074377,0.009239793
39.532856,9.583383,0.7418554,0.031779647,0.007037401,4.678767,0.0003644228,0.006516576
27.47032,8.296656,1.3292403,0.016271353,0.010011077,2.4705396,0.0007969141,0.008926868
40.0741,8.4465065,1.2751584,0.011991501,0.009062052,2.4305754,0.0007684231,0.008297682
31.275421,7.5129642,2.4396315,0.011283636,0.010399342,1.847991,0.0009653568,0.009381056
38.853024,7.3180943,1.627274,0.017851233,0.01204896,2.9324203,0.0009945631,0.010702372
21.752232,3.72078,1.5998726,0.011572838,0.0036318302,5.371284,0.00040006638,0.0029739141
32.16906,10.447997,1.6201041,0.015634537,0.0026327372,3.3765006,0.0005235672,0.0022916794
26.891884,6.7719307,1.3556707,0.0097078085,0.0058523417,4.8566175,0.00057947636,0.0052672625
51.506824,6.341403,1.1890578,0.031823516,0.0076453686,4.741061,0.00047838688,0.006842971
41.19296,7.7921276,1.3402889,0.010724902,0.002642393,0.9980912,0.00047171116,0.002298355
39.028587,7.618824,1.330107,0.009619117,0.008910894,3.1760697,0.0008111,0.008281112
34.089443,6.692283,1.3691607,0.0145817995,0.004373193,3.3589592,0.0005939007,0.004116297
35.601826,9.911662,1.5382373,0.017017245,0.009284854,2.1953287,0.00078725815,0.008708715
60.154037,11.339608,2.279622,0.010617614,0.008147001,3.4667192,0.000970006,0.007009387
45.974915,9.242057,1.9407177,0.017118454,0.006427288,4.3801107,0.0007443428,0.005668521
51.608624,8.927687,2.189992,0.008808613,0.00839138,5.9718485,0.0010439157,0.006772876
45.23135,12.381809,1.723845,0.030811787,0.0050976276,5.3579936,0.000705719,0.0044867992
22.901215,7.4941225,1.0704734,0.013788819,0.004117608,4.002591,0.00039994717,0.0036346912
63.88346,12.706955,2.410683,0.012901306,0.004692912,6.371159,0.00024974346,0.0031325817
36.265583,7.071204,1.8123617,0.021494389,0.0035670996,4.9882402,0.00062930584,0.0031169653
27.227352,6.7107935,0.89860487,0.0071691275,0.004433751,1.8004491,0.00039994717,0.003970027
31.152641,7.298208,1.3023798,0.014094353,0.008974075,3.2352505,0.0007596016,0.008518934
17.80675,6.49197,1.1961727,0.014867425,0.0083271265,3.6883125,0.0009938478,0.008023024
35.556015,7.170286,1.1606522,0.009051442,0.009839535,3.3236847,0.0007634163,0.009091258
64.881096,12.370033,2.6571107,0.014452934,0.006135106,5.4905972,0.00032699108,0.005389333
41.39088,9.054981,1.7528815,0.017894387,0.009880781,6.7975664,0.0013099909,0.007920265
32.021637,7.451997,0.9424329,0.012505531,0.008560896,2.922705,0.00074338913,0.007769227
22.74153,6.475717,1.395329,0.009736896,0.006562948,1.5237174,0.0005567074,0.005817294
43.057045,11.350532,1.7372005,0.02577877,0.006332159,5.4342976,0.0007426739,0.006089449
45.751022,11.898021,1.6284771,0.032393575,0.0057872534,5.531797,0.0006674528,0.005132675
38.213108,7.6724195,1.335129,0.007165551,0.0066752434,3.710771,0.0007287264,0.005837679
43.360504,6.675359,1.8761759,0.018807769,0.012562275,2.8178327,0.001270771,0.011134744
41.14831,9.935785,1.500211,0.013271093,0.0057048798,3.4921355,0.00056397915,0.0048122406
42.22107,11.694527,1.6481242,0.028604746,0.004447937,5.254313,0.0006195307,0.0038717985
33.621193,5.4707174,1.2840941,0.025473952,0.005812049,3.316162,0.000487566,0.0051959753
42.673813,7.7958393,2.069326,0.011438966,0.008241177,3.8406677,0.0009075403,0.00728631
23.024792,6.9036613,0.9591516,0.010023713,0.0036665201,6.1342683,0.00017774105,0.0036131144
68.198715,11.550311,2.7244017,0.010033727,0.009059787,3.5494857,0.0010974407,0.007849455
54.64355,11.990255,2.3891454,0.019201994,0.009633541,3.6875973,0.001021266,0.0089941025
57.625465,11.171602,1.23877,0.022888899,0.021254778,1.5696645,0.0013006926,0.019548535
25.831867,5.8565497,1.2783828,0.015002608,0.0106755495,3.8284745,0.00070786476,0.009902716
41.20885,7.823436,1.7803507,0.01710856,0.003632784,3.7333856,0.0006855726,0.0034208298
45.7987,9.861923,1.7515831,0.016706705,0.00799799,3.794455,0.0007677078,0.007168889
54.816998,15.072029,2.2573438,0.019385934,0.005751848,3.578878,0.00056648254,0.004961729
38.265724,7.383439,1.613389,0.015531421,0.010580659,3.8570127,0.0010644197,0.009677172
50.942665,10.807471,1.9602168,0.016622782,0.006902337,4.1619253,0.00072979927,0.006111026
43.76291,10.23349,1.6848466,0.01425612,0.0065722466,3.380547,0.00077974796,0.0055855513
46.762314,10.28313,1.6464396,0.018285155,0.0039156675,4.1671762,0.000502944,0.0030289888
31.61417,7.919924,1.112551,0.0296731,0.0055396557,4.0072374,0.0005493164,0.0053869486
42.89165,8.529839,1.8048422,0.015039086,0.007430792,4.0217414,0.00073707104,0.006560087
21.60737,6.1399837,1.1140375,0.010992885,0.008064866,5.1470275,0.0006530285,0.0073987246
37.446938,6.9377747,1.6900194,0.018875003,0.004429698,5.269832,0.00065231323,0.003850937
35.806602,7.6657257,1.6849806,0.019019842,0.008828282,3.5963812,0.0007662773,0.0077143908
33.40814,7.066839,1.3384042,0.0093432665,0.0075371265,3.1177754,0.0007055998,0.0069459677
33.577724,7.130417,1.7160323,0.014106274,0.011855364,3.416173,0.0008687973,0.010774851
39.08113,7.841938,1.2696788,0.010899305,0.010031223,3.1383114,0.0008341074,0.009120703
38.863567,7.767789,1.3006818,0.008819699,0.008777022,2.5780034,0.00077831745,0.008061647
24.8005,6.276579,1.2466972,0.008682966,0.006014824,4.2183456,0.0005239248,0.0056750774
42.240993,12.188561,1.6844847,0.010477185,0.0025485754,2.2756226,0.0002734661,0.0021915436
27.452568,6.032042,1.3796146,0.014806986,0.013705015,1.9834585,0.0006353855,0.012925744
30.423483,7.022546,1.0763793,0.00982666,0.008337975,3.614952,0.00070750713,0.007597804
